clf_name,out_rate,R_out_count,P_out_count,P_nor_count,AUC,AP,#VALUE!
Isolation Forest,0.360248447,1334,1334,2369,0.543605624,0.660838159,1
Isolation Forest,0.348636241,1291,1291,2412,0.525514372,0.663268327,1
Isolation Forest,0.364569268,1350,1350,2353,0.540702334,0.655169579,1
Isolation Forest,0.372670807,1380,1380,2323,0.540264026,0.647056254,1
Isolation Forest,0.360248447,1334,1334,2369,0.541848008,0.659950037,1
Isolation Forest,0.378881988,1403,1400,2303,0.539340699,0.640521675,0.997861725
Isolation Forest,0.378611936,1402,1402,2301,0.541429764,0.641866183,1
Isolation Forest,0.351066703,1300,1300,2403,0.558446973,0.677248027,1
Isolation Forest,0.368349986,1364,1364,2339,0.546757989,0.654594783,1
Isolation Forest,0.363219012,1345,1345,2358,0.535302112,0.653768763,1
Isolation Forest,0.351876857,1303,1303,2400,0.529309766,0.661917354,1
Isolation Forest,0.371860654,1377,1376,2327,0.549320741,0.652524963,0.999273784
Isolation Forest,0.3710505,1374,1374,2329,0.539445995,0.648217588,1
Isolation Forest,0.367539833,1361,1361,2342,0.528333828,0.646066598,1
Isolation Forest,0.365379422,1353,1352,2351,0.551247818,0.65978888,0.999260902
Isolation Forest,0.371590602,1376,1376,2327,0.537985423,0.646946364,1
Isolation Forest,0.357007831,1322,1322,2381,0.545313186,0.664842548,1
Isolation Forest,0.352416959,1305,1305,2398,0.55685501,0.675139728,1
Isolation Forest,0.367809884,1362,1362,2341,0.547641607,0.655574149,1
Isolation Forest,0.371320551,1375,1375,2328,0.534377538,0.645381534,1
Isolation Forest,0.376451526,1394,1394,2309,0.536369443,0.641372703,1
Isolation Forest,0.370780448,1373,1371,2332,0.533371209,0.64540259,0.998543336
Isolation Forest,0.372130705,1378,1378,2325,0.531902243,0.643340937,1
Isolation Forest,0.365379422,1353,1353,2350,0.544047271,0.656083765,1
Isolation Forest,0.370240346,1371,1371,2332,0.533820045,0.646157938,1
Isolation Forest,0.375911423,1392,1392,2311,0.551069473,0.649524771,1
Isolation Forest,0.363219012,1345,1345,2358,0.535302112,0.653768763,1
Isolation Forest,0.37726168,1397,1397,2306,0.528142172,0.636412379,1
Isolation Forest,0.342965163,1270,1270,2433,0.541605581,0.676600092,1
Isolation Forest,0.365649473,1354,1354,2349,0.539532992,0.65352569,1
Isolation Forest,0.363759114,1347,1347,2356,0.53734845,0.654266918,1
Isolation Forest,0.356467729,1320,1320,2383,0.545006454,0.665210652,1
Isolation Forest,0.373751013,1384,1384,2319,0.54253269,0.647170304,1
Isolation Forest,0.361598704,1339,1339,2364,0.536159299,0.655779528,1
Isolation Forest,0.363759114,1347,1347,2356,0.553100772,0.662312418,1
Isolation Forest,0.380232244,1408,1408,2295,0.538179281,0.638605057,1
Isolation Forest,0.365379422,1353,1353,2350,0.54055338,0.654305612,1
Isolation Forest,0.365379422,1353,1353,2350,0.536477174,0.652247579,1
Isolation Forest,0.365649473,1354,1353,2350,0.539745849,0.653633099,0.999261448
Isolation Forest,0.363759114,1347,1347,2356,0.539098708,0.655147891,1
Isolation Forest,0.358898191,1329,1329,2374,0.527008798,0.653906582,1
Isolation Forest,0.358628139,1328,1328,2375,0.525677869,0.653523608,1
Isolation Forest,0.369700243,1369,1369,2334,0.551502138,0.655752157,1
Isolation Forest,0.366189576,1356,1356,2347,0.534584413,0.6505057,1
Isolation Forest,0.36699973,1359,1359,2344,0.525717816,0.645305665,1
Isolation Forest,0.361598704,1339,1339,2364,0.527970434,0.651724148,1
Isolation Forest,0.37321091,1382,1377,2326,0.528334854,0.640491875,0.996382055
Isolation Forest,0.384553065,1424,1424,2279,0.529893113,0.630125246,1
Isolation Forest,0.36078855,1336,1336,2367,0.509945413,0.643850177,1
Isolation Forest,0.371590602,1376,1376,2327,0.527577084,0.64170854,1
Isolation Forest,0.35673778,1321,1321,2382,0.531626614,0.658286485,1
Isolation Forest,0.3710505,1374,1374,2329,0.516881164,0.636985622,1
Isolation Forest,0.362138806,1341,1341,2362,0.530028963,0.652207264,1
Isolation Forest,0.357547934,1324,1323,2380,0.526430601,0.654951751,0.999244713
Isolation Forest,0.381852552,1414,1414,2289,0.531496957,0.633595219,1
Isolation Forest,0.363759114,1347,1346,2357,0.530559641,0.650880319,0.99925761
Isolation Forest,0.362678909,1343,1343,2360,0.523321176,0.648388298,1
Isolation Forest,0.36078855,1336,1336,2367,0.546831242,0.661953832,1
Isolation Forest,0.372400756,1379,1379,2324,0.527418594,0.640832739,1
Isolation Forest,0.364299217,1349,1349,2354,0.518984294,0.644685072,1
Isolation Forest,0.369700243,1369,1369,2334,0.549184319,0.654544363,1
Isolation Forest,0.357007831,1322,1322,2381,0.550607082,0.667531892,1
Isolation Forest,0.374021064,1385,1384,2319,0.544611625,0.647981882,0.999277978
Isolation Forest,0.353497164,1309,1308,2395,0.548226627,0.669708014,0.999236058
Isolation Forest,0.358088037,1326,1326,2377,0.540047724,0.661145395,1
Isolation Forest,0.37321091,1382,1382,2321,0.541688204,0.647261143,1
Isolation Forest,0.381582501,1413,1413,2290,0.54166968,0.63909499,1
Isolation Forest,0.370780448,1373,1373,2330,0.555513599,0.656817152,1
Isolation Forest,0.365649473,1354,1354,2349,0.546518585,0.657087784,1
Isolation Forest,0.373480961,1383,1382,2321,0.543768856,0.64807066,0.999276934
Isolation Forest,0.364569268,1350,1350,2353,0.54594812,0.657841699,1
Isolation Forest,0.372940859,1381,1381,2322,0.529428705,0.641305116,1
Isolation Forest,0.374561167,1387,1387,2316,0.558493126,0.654764691,1
Isolation Forest,0.372940859,1381,1381,2322,0.53116087,0.642173658,1
Isolation Forest,0.364569268,1350,1349,2354,0.554320725,0.662166524,0.999259259
Isolation Forest,0.352957062,1307,1307,2396,0.538835448,0.665532845,1
Isolation Forest,0.380772347,1410,1410,2293,0.543013427,0.640584473,1
Isolation Forest,0.368349986,1364,1364,2339,0.550820337,0.656700278,1
Isolation Forest,0.376991628,1396,1396,2307,0.55617884,0.651191893,1
Isolation Forest,0.366189576,1356,1356,2347,0.546219802,0.656411024,1
Isolation Forest,0.369430192,1368,1368,2335,0.544410947,0.652337729,1
Isolation Forest,0.365649473,1354,1354,2349,0.56223617,0.665293333,1
Isolation Forest,0.365649473,1354,1354,2349,0.561654037,0.664984712,1
Isolation Forest,0.3710505,1374,1372,2331,0.536403852,0.646669984,0.998544396
Isolation Forest,0.354847421,1314,1313,2390,0.544286089,0.666416879,0.999238965
Isolation Forest,0.364839319,1351,1351,2352,0.540847168,0.654980195,1
Isolation Forest,0.3710505,1374,1374,2329,0.553332046,0.655408315,1
Isolation Forest,0.36078855,1336,1336,2367,0.573763753,0.676067301,1
Isolation Forest,0.369430192,1368,1368,2335,0.550207245,0.655337641,1
Isolation Forest,0.362678909,1343,1343,2360,0.545519454,0.659454271,1
Isolation Forest,0.365109371,1352,1352,2351,0.552059082,0.660470794,1
Isolation Forest,0.365919525,1355,1355,2348,0.548988069,0.658098458,1
Isolation Forest,0.353497164,1309,1308,2395,0.546454148,0.668814012,0.999236058
Isolation Forest,0.373480961,1383,1383,2320,0.54874679,0.650657681,1
Isolation Forest,0.375371321,1390,1390,2313,0.535263462,0.641865826,1
Isolation Forest,0.36916014,1367,1367,2336,0.570364092,0.666311701,1
Isolation Forest,0.363219012,1345,1344,2359,0.562368556,0.667683399,0.999256506
Isolation Forest,0.368079935,1363,1362,2341,0.55321861,0.658211267,0.999266324
Isolation Forest,0.349176344,1293,1293,2410,0.541303476,0.670428269,1
Isolation Forest,0.355657575,1317,1317,2386,0.550435469,0.668745592,1
Isolation Forest,0.374291115,1386,1386,2317,0.539915774,0.645298045,1
Isolation Forest,0.361328652,1338,1338,2365,0.52606206,0.651054761,1
Isolation Forest,0.361868755,1340,1340,2363,0.531046734,0.65297474,1
Isolation Forest,0.363759114,1347,1347,2356,0.523346385,0.647335874,1
Isolation Forest,0.384283014,1423,1423,2280,0.534905099,0.632954429,1
Isolation Forest,0.361058601,1337,1337,2366,0.549319991,0.662965593,1
Isolation Forest,0.378341885,1401,1401,2302,0.531542258,0.637065208,1
Isolation Forest,0.374831218,1388,1388,2315,0.533267252,0.641381961,1
Isolation Forest,0.366729679,1358,1358,2345,0.531966456,0.648667758,1
Isolation Forest,0.369970294,1370,1370,2333,0.523831976,0.641450771,1
Isolation Forest,0.36699973,1359,1357,2346,0.541837598,0.653381157,0.99852833
Isolation Forest,0.361598704,1339,1338,2365,0.541635075,0.658530052,0.999253174
Isolation Forest,0.372130705,1378,1377,2326,0.508423459,0.631844855,0.999274311
Isolation Forest,0.378341885,1401,1401,2302,0.531542258,0.637065208,1
Isolation Forest,0.36294896,1344,1344,2359,0.539825314,0.656303357,1
Isolation Forest,0.36699973,1359,1359,2344,0.546060802,0.655544147,1
Isolation Forest,0.374561167,1387,1387,2316,0.533708797,0.641870087,1
Isolation Forest,0.374831218,1388,1388,2315,0.536724532,0.643138261,1
Isolation Forest,0.366189576,1356,1356,2347,0.543310955,0.654921077,1
Isolation Forest,0.36078855,1336,1336,2367,0.533364987,0.655180354,1
Isolation Forest,0.37942209,1405,1405,2298,0.536077016,0.638316859,1
Isolation Forest,0.362138806,1341,1341,2362,0.541135244,0.65775285,1
Isolation Forest,0.369430192,1368,1368,2335,0.541512798,0.650851529,1
Isolation Forest,0.363489063,1346,1346,2357,0.538951976,0.655337032,1
Isolation Forest,0.370510397,1372,1372,2331,0.542643956,0.650380075,1
Isolation Forest,0.372400756,1379,1379,2324,0.534929056,0.644603164,1
Isolation Forest,0.36294896,1344,1343,2360,0.538869313,0.65582129,0.999255952
Isolation Forest,0.374291115,1386,1386,2317,0.530114481,0.640322538,1
Isolation Forest,0.36916014,1367,1367,2336,0.523979649,0.64232212,1
Isolation Forest,0.378341885,1401,1399,2304,0.54231029,0.642584919,0.998572448
Isolation Forest,0.369970294,1370,1370,2333,0.536576132,0.647813403,1
Isolation Forest,0.360518499,1335,1335,2368,0.529698571,0.65363376,1
Isolation Forest,0.355387524,1316,1316,2387,0.54320945,0.665353182,1
Isolation Forest,0.379152039,1404,1402,2301,0.54326683,0.642293141,0.998575499
Isolation Forest,0.359708345,1332,1332,2371,0.556203557,0.667815956,1
Isolation Forest,0.370240346,1371,1371,2332,0.541927522,0.650275387,1
Isolation Forest,0.36699973,1359,1359,2344,0.532111326,0.648475424,1
Isolation Forest,0.368349986,1364,1364,2339,0.532249602,0.647221388,1
Isolation Forest,0.359708345,1332,1332,2371,0.54447842,0.661803944,1
Isolation Forest,0.355927626,1318,1318,2385,0.537041067,0.66175046,1
Isolation Forest,0.375371321,1390,1390,2313,0.540446398,0.64451745,1
Isolation Forest,0.366729679,1358,1358,2345,0.548827292,0.657232086,1
Isolation Forest,0.362678909,1343,1343,2360,0.532667819,0.652984455,1
Isolation Forest,0.372400756,1379,1379,2324,0.544172702,0.649329597,1
Isolation Forest,0.368349986,1364,1364,2339,0.530508595,0.646351934,1
Isolation Forest,0.357817985,1325,1325,2378,0.533430344,0.658117905,1
Isolation Forest,0.363759114,1347,1347,2356,0.540848966,0.656032107,1
Isolation Forest,0.372940859,1381,1381,2322,0.536357363,0.644799316,1
Isolation Forest,0.370240346,1371,1371,2332,0.537294678,0.647913733,1
Isolation Forest,0.387523629,1435,1435,2268,0.521562997,0.622991587,1
Isolation Forest,0.365379422,1353,1353,2350,0.545211901,0.65667938,1
Isolation Forest,0.367809884,1362,1362,2341,0.548802989,0.656174863,1
Isolation Forest,0.358898191,1329,1329,2374,0.557524359,0.669278329,1
Isolation Forest,0.367539833,1361,1361,2342,0.521363392,0.642638801,1
Isolation Forest,0.374831218,1388,1388,2315,0.539605598,0.644612107,1
Isolation Forest,0.368890089,1366,1366,2337,0.540074497,0.650643572,1
Isolation Forest,0.376451526,1394,1394,2309,0.538095115,0.6422557,1
Isolation Forest,0.369700243,1369,1369,2334,0.530062318,0.644804206,1
Isolation Forest,0.403726708,1495,1495,2208,0.524919872,0.608676166,1
Isolation Forest,0.359978396,1333,1333,2370,0.535837124,0.657200618,1
Isolation Forest,0.3710505,1374,1374,2329,0.520352676,0.638677114,1
Isolation Forest,0.365109371,1352,1352,2351,0.528759165,0.648664658,1
Isolation Forest,0.355927626,1318,1318,2385,0.528205972,0.657407575,1
Isolation Forest,0.36916014,1367,1367,2336,0.528618093,0.644615524,1
Isolation Forest,0.376181474,1393,1393,2310,0.536812852,0.641863297,1
Isolation Forest,0.375371321,1390,1390,2313,0.516259366,0.632402273,1
Isolation Forest,0.381852552,1414,1413,2290,0.519702494,0.627674958,0.999292786
Isolation Forest,0.35673778,1321,1321,2382,0.539864337,0.662366992,1
Isolation Forest,0.368890089,1366,1366,2337,0.531374771,0.646254459,1
Isolation Forest,0.361058601,1337,1337,2366,0.520640354,0.648686816,1
Isolation Forest,0.356467729,1320,1320,2383,0.505569755,0.646103426,1
Isolation Forest,0.369430192,1368,1368,2335,0.528760941,0.644421195,1
Isolation Forest,0.371320551,1375,1375,2328,0.514711496,0.635667363,1
Isolation Forest,0.365379422,1353,1352,2351,0.53668994,0.652354257,0.999260902
Isolation Forest,0.376991628,1396,1396,2307,0.528583742,0.636899712,1
Isolation Forest,0.364569268,1350,1350,2353,0.531376493,0.65049139,1
Isolation Forest,0.366189576,1356,1356,2347,0.532257335,0.649342063,1
Isolation Forest,0.36916014,1367,1367,2336,0.53035751,0.645481598,1
Isolation Forest,0.366189576,1356,1356,2347,0.534584413,0.6505057,1
Isolation Forest,0.365649473,1354,1353,2350,0.523446132,0.645521049,0.999261448
Isolation Forest,0.446925021,1061,1061,1313,0.480242884,0.543619603,1
Isolation Forest,0.455387205,1082,1082,1294,0.489199405,0.539352255,1
Isolation Forest,0.446421008,1054,1054,1307,0.487550614,0.547549327,1
Isolation Forest,0.450816241,1077,1077,1312,0.496171332,0.547299865,1
Isolation Forest,0.448739496,1068,1068,1312,0.504880047,0.553694064,1
Isolation Forest,0.448928121,1068,1068,1311,0.479223982,0.541140219,1
Isolation Forest,0.447546531,1058,1058,1306,0.473050079,0.53970871,1
Isolation Forest,0.449281488,1063,1063,1303,0.489250149,0.545492196,1
Isolation Forest,0.447401774,1059,1059,1308,0.480520831,0.543270228,1
Isolation Forest,0.451571793,1063,1063,1291,0.478540558,0.538174765,1
Isolation Forest,0.449853126,1072,1072,1311,0.486229465,0.543484362,1
Isolation Forest,0.458912769,1089,1089,1284,0.490873047,0.536624743,1
Isolation Forest,0.451967837,1068,1068,1295,0.476335445,0.536766662,1
Isolation Forest,0.453668763,1082,1082,1303,0.477272695,0.535490396,1
Isolation Forest,0.452640402,1080,1078,1308,0.482283336,0.538837582,0.998148148
Isolation Forest,0.442007592,1048,1048,1323,0.480997891,0.548901344,1
Isolation Forest,0.452582557,1069,1068,1294,0.486877603,0.54105623,0.999064546
Isolation Forest,0.464497041,1099,1099,1267,0.483448037,0.527505145,1
Isolation Forest,0.457046128,1080,1080,1283,0.483279207,0.534888788,1
Isolation Forest,0.460058553,1100,1100,1291,0.475532357,0.528292532,1
Isolation Forest,0.454469157,1083,1083,1300,0.491376163,0.541316123,1
Isolation Forest,0.436410038,1026,1026,1325,0.49588694,0.561579583,1
Isolation Forest,0.457648546,1086,1086,1287,0.48556324,0.53535947,1
Isolation Forest,0.454930174,1075,1075,1288,0.489717608,0.54005793,1
Isolation Forest,0.45645772,1085,1085,1292,0.497238947,0.542178576,1
Isolation Forest,0.457877001,1087,1087,1287,0.49685018,0.540567587,1
Isolation Forest,0.453785027,1085,1085,1306,0.487043846,0.539930505,1
Isolation Forest,0.455578947,1082,1082,1293,0.494112332,0.541529233,1
Isolation Forest,0.443739425,1049,1048,1316,0.4922548,0.552484218,0.999046711
Isolation Forest,0.457118716,1082,1082,1285,0.490123852,0.538061056,1
Isolation Forest,0.448625793,1061,1061,1304,0.490605286,0.546797497,1
Isolation Forest,0.447925487,1058,1058,1304,0.4872408,0.545894766,1
Isolation Forest,0.453816955,1076,1075,1296,0.48991546,0.541267507,0.999070632
Isolation Forest,0.456852792,1080,1079,1285,0.485557286,0.536153636,0.999074074
Isolation Forest,0.458403361,1091,1091,1289,0.49313055,0.53822535,1
Isolation Forest,0.448131037,1067,1067,1314,0.478639666,0.541670241,1
Isolation Forest,0.453590928,1080,1080,1301,0.484004825,0.538690941,1
Isolation Forest,0.439797212,1041,1041,1326,0.489858125,0.555284946,1
Isolation Forest,0.44629156,1047,1047,1299,0.488557431,0.548157484,1
Isolation Forest,0.447567114,1067,1067,1317,0.486806159,0.546047993,1
Isolation Forest,0.4515036,1066,1066,1295,0.477507298,0.53776839,1
Isolation Forest,0.453781513,1080,1080,1300,0.485519943,0.539213023,1
Isolation Forest,0.460989933,1099,1099,1285,0.475836186,0.527498038,1
Isolation Forest,0.457239627,1080,1080,1282,0.487359883,0.536620151,1
Isolation Forest,0.458788898,1091,1091,1287,0.4885355,0.535628454,1
Isolation Forest,0.465321564,1107,1107,1272,0.499061504,0.534212208,1
Isolation Forest,0.451096121,1070,1069,1303,0.485338875,0.541818266,0.999065421
Isolation Forest,0.455270895,1084,1084,1297,0.483476629,0.536759895,1
Isolation Forest,0.453972257,1080,1080,1299,0.494666838,0.543407206,1
Isolation Forest,0.460697772,1096,1095,1284,0.476767712,0.528215721,0.999087591
Isolation Forest,0.448582311,1060,1060,1303,0.488454076,0.545813077,1
Isolation Forest,0.445378151,1060,1060,1320,0.474399657,0.542494444,1
Isolation Forest,0.44752309,1066,1066,1316,0.488063636,0.546688609,1
Isolation Forest,0.452560873,1078,1078,1304,0.47978391,0.537756891,1
Isolation Forest,0.449263158,1067,1067,1308,0.487778332,0.544809524,1
Isolation Forest,0.451544647,1067,1067,1296,0.488210788,0.54272946,1
Isolation Forest,0.454469157,1083,1083,1300,0.487144684,0.539293017,1
Isolation Forest,0.456030151,1089,1088,1300,0.49648808,0.542237721,0.999081726
Isolation Forest,0.441426146,1040,1040,1316,0.485296353,0.551491434,1
Isolation Forest,0.442851118,1050,1050,1321,0.488894416,0.551765384,1
Isolation Forest,0.510204082,500,392,588,0.516333333,0.498185941,0.784
Isolation Forest,0.492783505,478,476,494,0.498834915,0.506635387,0.9958159
Isolation Forest,0.497461929,490,490,495,0.470037106,0.488445694,1
Isolation Forest,0.514631685,510,396,595,0.490316334,0.480610937,0.776470588
Isolation Forest,0.503567788,494,392,589,0.484915495,0.489081176,0.793522267
Isolation Forest,0.50203666,493,393,589,0.489204694,0.492663319,0.797160243
Isolation Forest,0.513429752,497,387,581,0.500625836,0.486883275,0.778672032
Isolation Forest,0.5,487,390,584,0.51026694,0.505221372,0.800821355
Isolation Forest,0.509824199,493,387,580,0.486960913,0.483803234,0.784989858
Isolation Forest,0.513319672,501,390,586,0.479094443,0.476608351,0.778443114
Isolation Forest,0.494824017,478,478,488,0.50098172,0.505667735,1
Isolation Forest,0.5127421,503,392,589,0.483689911,0.479335182,0.779324056
Isolation Forest,0.531090724,521,392,589,0.50984937,0.473900398,0.752399232
Isolation Forest,0.498964803,482,482,484,0.492751449,0.497463261,1
Isolation Forest,0.491786448,479,479,495,0.502945952,0.509694527,1
Isolation Forest,0.515463918,500,388,582,0.50206383,0.485570666,0.776
Isolation Forest,0.509240246,496,390,584,0.509030402,0.495342649,0.786290323
Isolation Forest,0.522494888,511,391,587,0.499394478,0.477203283,0.765166341
Isolation Forest,0.5127421,503,392,589,0.495930276,0.485238495,0.779324056
Isolation Forest,0.510245902,498,389,587,0.486704139,0.483258873,0.781124498
Isolation Forest,0.511770727,500,391,586,0.489549266,0.48309994,0.782
Isolation Forest,0.502543235,494,393,590,0.498983715,0.4969495,0.795546559
Isolation Forest,0.517063082,500,387,580,0.489432548,0.477755502,0.774
Isolation Forest,0.49389002,485,485,497,0.494832915,0.503552873,1
Isolation Forest,0.494252874,473,473,484,0.502546608,0.507026599,1
Isolation Forest,0.505711319,487,385,578,0.496471278,0.492535041,0.790554415
Isolation Forest,0.514344262,502,390,586,0.470069091,0.471469411,0.77689243
Isolation Forest,0.509072581,505,397,595,0.499794661,0.49082482,0.786138614
Isolation Forest,0.505572442,499,395,592,0.488446155,0.48876386,0.791583166
Isolation Forest,0.496395469,482,482,489,0.487100018,0.497318894,1
Isolation Forest,0.525406504,517,394,590,0.502017073,0.475602984,0.762088975
Isolation Forest,0.511270492,499,390,586,0.499189154,0.488324851,0.781563126
Isolation Forest,0.521068859,507,389,584,0.500626423,0.479244136,0.767258383
Isolation Forest,0.513319672,501,389,587,0.498602794,0.485983886,0.776447106
Isolation Forest,0.511917098,494,386,579,0.525714089,0.501496467,0.781376518
Isolation Forest,0.510245902,498,390,586,0.497958361,0.488737248,0.78313253
Isolation Forest,0.50674974,488,385,578,0.495640638,0.491087018,0.788934426
Isolation Forest,0.499482937,483,483,484,0.478799856,0.49036552,1
Isolation Forest,0.505572442,499,395,592,0.484392966,0.4868303,0.791583166
Isolation Forest,0.5,491,393,589,0.476578411,0.488746503,0.800407332
Isolation Forest,0.522727273,506,387,581,0.474543572,0.465134022,0.764822134
Isolation Forest,0.50712831,498,393,589,0.485126456,0.485623436,0.789156627
Isolation Forest,0.516161616,511,396,594,0.48503487,0.476556097,0.774951076
Isolation Forest,0.505699482,488,386,579,0.495439822,0.49203825,0.790983607
Isolation Forest,0.508559919,505,397,596,0.498190229,0.490538235,0.786138614
Isolation Forest,0.501022495,490,391,587,0.5226999,0.510757542,0.797959184
Isolation Forest,0.510183299,501,393,589,0.490827078,0.485303683,0.784431138
Isolation Forest,0.517525773,502,388,582,0.479768958,0.472723735,0.772908367
Isolation Forest,0.508196721,496,390,586,0.491397849,0.487565975,0.786290323
Isolation Forest,0.513569937,492,383,575,0.486007886,0.479606554,0.778455285
Isolation Forest,0.506134969,495,391,587,0.500207039,0.493968571,0.78989899
Isolation Forest,0.510769231,498,390,585,0.491380617,0.484986293,0.78313253
Isolation Forest,0.519677094,515,396,595,0.498398874,0.479525799,0.768932039
Isolation Forest,0.504605937,493,391,586,0.499383937,0.495086377,0.793103448
Isolation Forest,0.495449949,490,490,499,0.50653143,0.507857382,1
Isolation Forest,0.506777894,486,384,575,0.486227477,0.486497404,0.790123457
Isolation Forest,0.505122951,493,389,587,0.480545442,0.485468629,0.789046653
Isolation Forest,0.497925311,480,480,484,0.475094697,0.490237389,1
Isolation Forest,0.50712831,498,393,589,0.489200604,0.487571678,0.789156627
Isolation Forest,0.510880829,493,386,579,0.493364733,0.485840578,0.78296146
Isolation Forest,0.001079622,4,4,3701,0.499459606,0.998919212,1
Isolation Forest,0.001079622,4,4,3701,0.499459606,0.998919212,1
Isolation Forest,0.001079622,4,4,3701,0.499459606,0.998919212,1
Isolation Forest,0.001079622,4,4,3701,0.499459606,0.998919212,1
Isolation Forest,0.001079622,4,4,3701,0.499459606,0.998919212,1
Isolation Forest,0.001079622,4,4,3701,0.499459606,0.998919212,1
Isolation Forest,0.001079622,4,4,3701,0.499459606,0.998919212,1
Isolation Forest,0.001079622,4,4,3701,0.499459606,0.998919212,1
Isolation Forest,0.001079622,4,4,3701,0.499459606,0.998919212,1
Isolation Forest,0.001079622,4,4,3701,0.499459606,0.998919212,1
Isolation Forest,0.001079622,4,4,3701,0.499459606,0.998919212,1
Isolation Forest,0.001079622,4,4,3701,0.499459606,0.998919212,1
Isolation Forest,0.001079622,4,4,3701,0.499459606,0.998919212,1
Isolation Forest,0.001079622,4,4,3701,0.499459606,0.998919212,1
Isolation Forest,0.001079622,4,4,3701,0.499459606,0.998919212,1
Isolation Forest,0.001079622,4,4,3701,0.499459606,0.998919212,1
Isolation Forest,0.001079622,4,4,3701,0.499459606,0.998919212,1
Isolation Forest,0.001079622,4,4,3701,0.499459606,0.998919212,1
Isolation Forest,0.001079622,4,4,3701,0.499459606,0.998919212,1
Isolation Forest,0.001079622,4,4,3701,0.499459606,0.998919212,1
Isolation Forest,0.001079622,4,4,3701,0.499459606,0.998919212,1
Isolation Forest,0.001079622,4,4,3701,0.624594704,0.99918919,1
Isolation Forest,0.001079622,4,4,3701,0.624594704,0.99918919,1
Isolation Forest,0.001079622,4,4,3701,0.499459606,0.998919212,1
Isolation Forest,0.001079622,4,4,3701,0.499459606,0.998919212,1
Isolation Forest,0.001079622,4,4,3701,0.624594704,0.99918919,1
Isolation Forest,0.001079622,4,4,3701,0.624594704,0.99918919,1
Isolation Forest,0.001079622,4,4,3701,0.624594704,0.99918919,1
Isolation Forest,0.001079622,4,4,3701,0.624594704,0.99918919,1
Isolation Forest,0.001079622,4,4,3701,0.499459606,0.998919212,1
Isolation Forest,0.001079622,4,4,3701,0.624594704,0.99918919,1
Isolation Forest,0.001079622,4,4,3701,0.624594704,0.99918919,1
Isolation Forest,0.001079622,4,4,3701,0.624594704,0.99918919,1
Isolation Forest,0.001079622,4,4,3701,0.624594704,0.99918919,1
Isolation Forest,0.001079622,4,4,3701,0.624594704,0.99918919,1
Isolation Forest,0.001079622,4,4,3701,0.624594704,0.99918919,1
Isolation Forest,0.001079622,4,4,3701,0.624594704,0.99918919,1
Isolation Forest,0.001079622,4,4,3701,0.624594704,0.99918919,1
Isolation Forest,0.001079622,4,4,3701,0.749729803,0.999459314,1
Isolation Forest,0.001079622,4,4,3701,0.499459606,0.998919212,1
Isolation Forest,0.001079622,4,4,3701,0.499459606,0.998919212,1
Isolation Forest,0.001079622,4,4,3701,0.499459606,0.998919212,1
Isolation Forest,0.001079622,4,3,3702,0.499594704,0.998919504,0.75
Isolation Forest,0.001079622,4,4,3701,0.499459606,0.998919212,1
Isolation Forest,0.001079622,4,4,3701,0.499459606,0.998919212,1
Isolation Forest,0.001079622,4,4,3701,0.499459606,0.998919212,1
Isolation Forest,0.001079622,4,4,3701,0.499459606,0.998919212,1
Isolation Forest,0.001079622,4,4,3701,0.499459606,0.998919212,1
Isolation Forest,0.001079622,4,3,3702,0.499594704,0.998919504,0.75
Isolation Forest,0.001079622,4,4,3701,0.499459606,0.998919212,1
Isolation Forest,0.001079622,4,4,3701,0.499459606,0.998919212,1
Isolation Forest,0.001079622,4,4,3701,0.499459606,0.998919212,1
Isolation Forest,0.001079622,4,3,3702,0.499594704,0.998919504,0.75
Isolation Forest,0.001079622,4,4,3701,0.499459606,0.998919212,1
Isolation Forest,0.001079622,4,4,3701,0.499459606,0.998919212,1
Isolation Forest,0.001079622,4,3,3702,0.499594704,0.998919504,0.75
Isolation Forest,0.001079622,4,4,3701,0.499459606,0.998919212,1
Isolation Forest,0.001079622,4,4,3701,0.499459606,0.998919212,1
Isolation Forest,0.001079622,4,4,3701,0.499459606,0.998919212,1
Isolation Forest,0.001079622,4,4,3701,0.499459606,0.998919212,1
Isolation Forest,0.001079622,4,3,3702,0.499594704,0.998919504,0.75
Isolation Forest,0.001079622,4,4,3701,0.499459606,0.998919212,1
Isolation Forest,0.001079622,4,4,3701,0.499459606,0.998919212,1
Isolation Forest,0.001079622,4,4,3701,0.499459606,0.998919212,1
Isolation Forest,0.001079622,4,4,3701,0.499459606,0.998919212,1
Isolation Forest,0.001079622,4,3,3702,0.499594704,0.998919504,0.75
Isolation Forest,0.001079622,4,4,3701,0.499459606,0.998919212,1
Isolation Forest,0.001079622,4,4,3701,0.499459606,0.998919212,1
Isolation Forest,0.001079622,4,4,3701,0.499459606,0.998919212,1
Isolation Forest,0.001079622,4,4,3701,0.499459606,0.998919212,1
Isolation Forest,0.001079622,4,4,3701,0.499459606,0.998919212,1
Isolation Forest,0.001079622,4,3,3702,0.499594704,0.998919504,0.75
Isolation Forest,0.001079622,4,4,3701,0.499459606,0.998919212,1
Isolation Forest,0.001079622,4,4,3701,0.499459606,0.998919212,1
Isolation Forest,0.001079622,4,3,3702,0.499594704,0.998919504,0.75
Isolation Forest,0.001079622,4,4,3701,0.499459606,0.998919212,1
Isolation Forest,0.001079622,4,3,3702,0.499594704,0.998919504,0.75
Isolation Forest,0.001079622,4,4,3701,0.499459606,0.998919212,1
Isolation Forest,0.001079622,4,4,3701,0.499459606,0.998919212,1
Isolation Forest,0.001079622,4,4,3701,0.499459606,0.998919212,1
Isolation Forest,0.001079622,4,4,3701,0.499459606,0.998919212,1
Isolation Forest,0.001079622,4,4,3701,0.499459606,0.998919212,1
Isolation Forest,0.001079622,4,4,3701,0.499459606,0.998919212,1
Isolation Forest,0.001079622,4,3,3702,0.499594704,0.998919504,0.75
Isolation Forest,0.001079622,4,4,3701,0.499459606,0.998919212,1
Isolation Forest,0.001079622,4,4,3701,0.499459606,0.998919212,1
Isolation Forest,0.001079622,4,4,3701,0.499459606,0.998919212,1
Isolation Forest,0.001079622,4,4,3701,0.499459606,0.998919212,1
Isolation Forest,0.001279318,3,3,2342,0.499359522,0.998719046,1
Isolation Forest,0.001079622,4,4,3701,0.499459606,0.998919212,1
Isolation Forest,0.001079622,4,4,3701,0.499459606,0.998919212,1
Isolation Forest,0.001079622,4,4,3701,0.499459606,0.998919212,1
Isolation Forest,0.001079622,4,4,3701,0.499459606,0.998919212,1
Isolation Forest,0.001079622,4,3,3702,0.499594704,0.998919504,0.75
Isolation Forest,0.001079622,4,4,3701,0.499459606,0.998919212,1
Isolation Forest,0.001079622,4,4,3701,0.499459606,0.998919212,1
Isolation Forest,0.001079622,4,4,3701,0.499459606,0.998919212,1
Isolation Forest,0.001079622,4,4,3701,0.499459606,0.998919212,1
Isolation Forest,0.001079622,4,4,3701,0.499459606,0.998919212,1
Isolation Forest,0.001079622,4,4,3701,0.499459606,0.998919212,1
Isolation Forest,0.001079622,4,4,3701,0.499459606,0.998919212,1
Isolation Forest,0.001079622,4,4,3701,0.499459606,0.998919212,1
Isolation Forest,0.001079622,4,4,3701,0.499459606,0.998919212,1
Isolation Forest,0.001079622,4,4,3701,0.499459606,0.998919212,1
Isolation Forest,0.001079622,4,4,3701,0.499459606,0.998919212,1
Isolation Forest,0.001079622,4,4,3701,0.499459606,0.998919212,1
Isolation Forest,0.001079622,4,4,3701,0.499459606,0.998919212,1
Isolation Forest,0.001083424,4,4,3688,0.499457701,0.998915403,1
Isolation Forest,0.001079622,4,4,3701,0.499459606,0.998919212,1
Isolation Forest,0.001079622,4,4,3701,0.499459606,0.998919212,1
Isolation Forest,0.001079622,4,4,3701,0.499459606,0.998919212,1
Isolation Forest,0.001079622,4,4,3701,0.499459606,0.998919212,1
Isolation Forest,0.001079622,4,4,3701,0.499459606,0.998919212,1
Isolation Forest,0.001079622,4,4,3701,0.499459606,0.998919212,1
Isolation Forest,0.001079622,4,4,3701,0.499459606,0.998919212,1
Isolation Forest,0.001079622,4,4,3701,0.499459606,0.998919212,1
Isolation Forest,0.001079622,4,3,3702,0.499594704,0.998919504,0.75
Isolation Forest,0.001079622,4,4,3701,0.499459606,0.998919212,1
Isolation Forest,0.001079622,4,4,3701,0.499459606,0.998919212,1
Isolation Forest,0.001079622,4,4,3701,0.499459606,0.998919212,1
Isolation Forest,0.00127551,4,4,3132,0.49936143,0.998722863,1
Isolation Forest,0.00128783,4,4,3102,0.499355255,0.998710511,1
Isolation Forest,0.001284522,4,4,3110,0.499356913,0.998713828,1
Isolation Forest,0.001291572,4,4,3093,0.499353379,0.998706759,1
Isolation Forest,0.001292825,4,4,3090,0.499352751,0.998705504,1
Isolation Forest,0.001279591,4,4,3122,0.499359385,0.998718772,1
Isolation Forest,0.00128123,4,4,3118,0.499358563,0.998717128,1
Isolation Forest,0.00128041,4,4,3120,0.499358974,0.998717951,1
Isolation Forest,0.00128123,4,4,3118,0.499358563,0.998717128,1
Isolation Forest,0.001283285,4,4,3113,0.499357533,0.998715068,1
Isolation Forest,0.00128123,4,4,3118,0.499358563,0.998717128,1
Isolation Forest,0.00128123,4,4,3118,0.624518922,0.999037538,1
Isolation Forest,0.00128,4,4,3121,0.49935918,0.998718362,1
Isolation Forest,0.001283697,4,4,3112,0.499357326,0.998714655,1
Isolation Forest,0.00128164,4,4,3117,0.499358357,0.998716717,1
Isolation Forest,0.001279591,4,4,3122,0.499359385,0.998718772,1
Isolation Forest,0.001287001,4,4,3104,0.49935567,0.998711342,1
Isolation Forest,0.001285347,4,4,3108,0.499356499,0.998713001,1
Isolation Forest,0.001276732,4,3,3130,0.499520614,0.998722046,0.75
Isolation Forest,0.001284522,4,3,3111,0.499517685,0.998714241,0.75
Isolation Forest,0.00128082,4,3,3120,0.499519077,0.99871795,0.75
Isolation Forest,0.001075269,3,2,2788,0.499641191,0.99892396,0.666666667
Isolation Forest,0.001277547,4,4,3127,0.499360409,0.998720821,1
Isolation Forest,0.001285347,4,4,3108,0.499356499,0.998713001,1
Isolation Forest,0.001317957,4,4,3031,0.499340152,0.998680306,1
Isolation Forest,0.001283697,4,3,3113,0.499517995,0.998715067,0.75
Isolation Forest,0.001284934,4,4,3109,0.499356706,0.998713415,1
Isolation Forest,0.001282051,4,4,3116,0.499358151,0.998716305,1
Isolation Forest,0.001282874,4,3,3115,0.499518304,0.998715892,0.75
Isolation Forest,0.00128082,4,4,3119,0.499358769,0.99871754,1
Isolation Forest,0.00128123,4,4,3118,0.624518922,0.999037538,1
Isolation Forest,0.001284109,4,3,3112,0.49951784,0.998714654,0.75
Isolation Forest,0.001287001,4,4,3104,0.49935567,0.998711342,1
Isolation Forest,0.00128123,4,4,3118,0.499358563,0.998717128,1
Isolation Forest,0.001283285,4,4,3113,0.499357533,0.998715068,1
Isolation Forest,0.001279181,4,4,3123,0.49935959,0.998719182,1
Isolation Forest,0.001276324,4,4,3130,0.499361022,0.998722047,1
Isolation Forest,0.001283285,4,4,3113,0.499357533,0.998715068,1
Isolation Forest,0.001273074,4,4,3138,0.499362651,0.998725305,1
Isolation Forest,0.001284522,4,4,3110,0.499356913,0.998713828,1
Isolation Forest,0.001283697,4,4,3112,0.499357326,0.998714655,1
Isolation Forest,0.00127186,4,4,3141,0.49936326,0.998726522,1
Isolation Forest,0.00127348,4,4,3137,0.499362448,0.998724898,1
Isolation Forest,0.001278772,4,4,3124,0.499359795,0.998719592,1
Isolation Forest,0.001277955,4,4,3126,0.499360205,0.998720412,1
Isolation Forest,0.001279181,4,4,3123,0.49935959,0.998719182,1
Isolation Forest,0.001279181,4,4,3123,0.49935959,0.998719182,1
Isolation Forest,0.001286587,4,4,3105,0.499355878,0.998711757,1
Isolation Forest,0.001285347,4,4,3108,0.499356499,0.998713001,1
Isolation Forest,0.001279591,4,4,3122,0.624519539,0.999038771,1
Isolation Forest,0.001278772,4,4,3124,0.499359795,0.998719592,1
Isolation Forest,0.00128041,4,4,3120,0.499358974,0.998717951,1
Isolation Forest,0.001284934,4,4,3109,0.499356706,0.998713415,1
Isolation Forest,0.00128123,4,4,3118,0.499358563,0.998717128,1
Isolation Forest,0.00128783,4,3,3103,0.499516441,0.998710926,0.75
Isolation Forest,0.001289075,4,4,3099,0.499354631,0.998709263,1
Isolation Forest,0.001277547,4,4,3127,0.499360409,0.998720821,1
Isolation Forest,0.001272669,4,4,3139,0.499362854,0.998725711,1
Isolation Forest,0.00127348,4,3,3138,0.499521836,0.998725304,0.75
Isolation Forest,0.001273074,4,3,3139,0.499521989,0.99872571,0.75
Isolation Forest,0.005107527,19,19,3701,0.497433126,0.994866387,1
Isolation Forest,0.005107527,19,18,3702,0.524019113,0.995136637,0.947368421
Isolation Forest,0.005107527,19,19,3701,0.497433126,0.994866387,1
Isolation Forest,0.005107527,19,19,3701,0.497433126,0.994866387,1
Isolation Forest,0.005107527,19,19,3701,0.497433126,0.994866387,1
Isolation Forest,0.005107527,19,19,3701,0.497433126,0.994866387,1
Isolation Forest,0.005107527,19,19,3701,0.497433126,0.994866387,1
Isolation Forest,0.005107527,19,19,3701,0.497433126,0.994866387,1
Isolation Forest,0.005107527,19,19,3701,0.523884014,0.995135263,1
Isolation Forest,0.005107527,19,19,3701,0.523884014,0.995135263,1
Isolation Forest,0.005107527,19,19,3701,0.497433126,0.994866387,1
Isolation Forest,0.005107527,19,19,3701,0.497433126,0.994866387,1
Isolation Forest,0.005107527,19,19,3701,0.497433126,0.994866387,1
Isolation Forest,0.005107527,19,19,3701,0.497433126,0.994866387,1
Isolation Forest,0.005107527,19,19,3701,0.497433126,0.994866387,1
Isolation Forest,0.005107527,19,19,3701,0.497433126,0.994866387,1
Isolation Forest,0.005107527,19,19,3701,0.497433126,0.994866387,1
Isolation Forest,0.005107527,19,19,3701,0.497433126,0.994866387,1
Isolation Forest,0.005107527,19,19,3701,0.523884014,0.995135263,1
Isolation Forest,0.005107527,19,19,3701,0.497433126,0.994866387,1
Isolation Forest,0.005107527,19,19,3701,0.550334902,0.995404285,1
Isolation Forest,0.005107527,19,19,3701,0.550334902,0.995404285,1
Isolation Forest,0.005107527,19,18,3702,0.497568225,0.99486776,0.947368421
Isolation Forest,0.005107527,19,19,3701,0.550334902,0.995404285,1
Isolation Forest,0.005107527,19,18,3702,0.524019113,0.995136637,0.947368421
Isolation Forest,0.005107527,19,19,3701,0.550334902,0.995404285,1
Isolation Forest,0.005107527,19,19,3701,0.523884014,0.995135263,1
Isolation Forest,0.005107527,19,19,3701,0.497433126,0.994866387,1
Isolation Forest,0.005107527,19,19,3701,0.497433126,0.994866387,1
Isolation Forest,0.005107527,19,19,3701,0.497433126,0.994866387,1
Isolation Forest,0.005107527,19,19,3701,0.523884014,0.995135263,1
Isolation Forest,0.005107527,19,19,3701,0.523884014,0.995135263,1
Isolation Forest,0.005107527,19,19,3701,0.523884014,0.995135263,1
Isolation Forest,0.005107527,19,19,3701,0.57678579,0.995673453,1
Isolation Forest,0.005107527,19,18,3702,0.524019113,0.995136637,0.947368421
Isolation Forest,0.005107527,19,19,3701,0.523884014,0.995135263,1
Isolation Forest,0.005107527,19,18,3702,0.524019113,0.995136637,0.947368421
Isolation Forest,0.005107527,19,19,3701,0.550334902,0.995404285,1
Isolation Forest,0.005107527,19,19,3701,0.523884014,0.995135263,1
Isolation Forest,0.005107527,19,19,3701,0.523884014,0.995135263,1
Isolation Forest,0.005107527,19,19,3701,0.497433126,0.994866387,1
Isolation Forest,0.005107527,19,19,3701,0.497433126,0.994866387,1
Isolation Forest,0.005107527,19,19,3701,0.497433126,0.994866387,1
Isolation Forest,0.005107527,19,19,3701,0.497433126,0.994866387,1
Isolation Forest,0.005107527,19,19,3701,0.497433126,0.994866387,1
Isolation Forest,0.005107527,19,19,3701,0.497433126,0.994866387,1
Isolation Forest,0.005107527,19,19,3701,0.497433126,0.994866387,1
Isolation Forest,0.005107527,19,19,3701,0.497433126,0.994866387,1
Isolation Forest,0.005107527,19,19,3701,0.497433126,0.994866387,1
Isolation Forest,0.005107527,19,19,3701,0.497433126,0.994866387,1
Isolation Forest,0.005107527,19,19,3701,0.497433126,0.994866387,1
Isolation Forest,0.005107527,19,19,3701,0.497433126,0.994866387,1
Isolation Forest,0.005107527,19,19,3701,0.497433126,0.994866387,1
Isolation Forest,0.005107527,19,19,3701,0.497433126,0.994866387,1
Isolation Forest,0.005107527,19,19,3701,0.497433126,0.994866387,1
Isolation Forest,0.005107527,19,19,3701,0.497433126,0.994866387,1
Isolation Forest,0.005107527,19,18,3702,0.497568225,0.99486776,0.947368421
Isolation Forest,0.005107527,19,19,3701,0.497433126,0.994866387,1
Isolation Forest,0.005107527,19,19,3701,0.497433126,0.994866387,1
Isolation Forest,0.005107527,19,19,3701,0.497433126,0.994866387,1
Isolation Forest,0.005107527,19,19,3701,0.497433126,0.994866387,1
Isolation Forest,0.005107527,19,19,3701,0.550334902,0.995404285,1
Isolation Forest,0.005107527,19,19,3701,0.497433126,0.994866387,1
Isolation Forest,0.005107527,19,18,3702,0.524019113,0.995136637,0.947368421
Isolation Forest,0.005107527,19,19,3701,0.497433126,0.994866387,1
Isolation Forest,0.005107527,19,19,3701,0.497433126,0.994866387,1
Isolation Forest,0.005107527,19,19,3701,0.497433126,0.994866387,1
Isolation Forest,0.005107527,19,19,3701,0.523884014,0.995135263,1
Isolation Forest,0.005107527,19,19,3701,0.497433126,0.994866387,1
Isolation Forest,0.005107527,19,19,3701,0.497433126,0.994866387,1
Isolation Forest,0.005107527,19,19,3701,0.497433126,0.994866387,1
Isolation Forest,0.005107527,19,19,3701,0.497433126,0.994866387,1
Isolation Forest,0.005107527,19,19,3701,0.523884014,0.995135263,1
Isolation Forest,0.005107527,19,18,3702,0.524019113,0.995136637,0.947368421
Isolation Forest,0.005107527,19,18,3702,0.524019113,0.995136637,0.947368421
Isolation Forest,0.005107527,19,19,3701,0.523884014,0.995135263,1
Isolation Forest,0.005107527,19,19,3701,0.523884014,0.995135263,1
Isolation Forest,0.005107527,19,19,3701,0.497433126,0.994866387,1
Isolation Forest,0.005107527,19,19,3701,0.523884014,0.995135263,1
Isolation Forest,0.005107527,19,19,3701,0.523884014,0.995135263,1
Isolation Forest,0.005107527,19,19,3701,0.523884014,0.995135263,1
Isolation Forest,0.005107527,19,19,3701,0.497433126,0.994866387,1
Isolation Forest,0.005107527,19,19,3701,0.497433126,0.994866387,1
Isolation Forest,0.005107527,19,19,3701,0.497433126,0.994866387,1
Isolation Forest,0.005107527,19,19,3701,0.497433126,0.994866387,1
Isolation Forest,0.005107527,19,19,3701,0.497433126,0.994866387,1
Isolation Forest,0.005107527,19,19,3701,0.497433126,0.994866387,1
Isolation Forest,0.005107527,19,19,3701,0.497433126,0.994866387,1
Isolation Forest,0.005107527,19,19,3701,0.523884014,0.995135263,1
Isolation Forest,0.005107527,19,19,3701,0.497433126,0.994866387,1
Isolation Forest,0.005107527,19,19,3701,0.523884014,0.995135263,1
Isolation Forest,0.005107527,19,19,3701,0.497433126,0.994866387,1
Isolation Forest,0.005107527,19,19,3701,0.523884014,0.995135263,1
Isolation Forest,0.005107527,19,19,3701,0.497433126,0.994866387,1
Isolation Forest,0.005107527,19,19,3701,0.497433126,0.994866387,1
Isolation Forest,0.005107527,19,19,3701,0.497433126,0.994866387,1
Isolation Forest,0.005107527,19,19,3701,0.523884014,0.995135263,1
Isolation Forest,0.005107527,19,19,3701,0.497433126,0.994866387,1
Isolation Forest,0.005107527,19,19,3701,0.550334902,0.995404285,1
Isolation Forest,0.005107527,19,19,3701,0.523884014,0.995135263,1
Isolation Forest,0.005107527,19,19,3701,0.497433126,0.994866387,1
Isolation Forest,0.005107527,19,18,3702,0.497568225,0.99486776,0.947368421
Isolation Forest,0.005107527,19,19,3701,0.497433126,0.994866387,1
Isolation Forest,0.005107527,19,19,3701,0.497433126,0.994866387,1
Isolation Forest,0.005107527,19,19,3701,0.497433126,0.994866387,1
Isolation Forest,0.005107527,19,19,3701,0.523884014,0.995135263,1
Isolation Forest,0.005107527,19,19,3701,0.497433126,0.994866387,1
Isolation Forest,0.005107527,19,19,3701,0.497433126,0.994866387,1
Isolation Forest,0.005107527,19,18,3702,0.497568225,0.99486776,0.947368421
Isolation Forest,0.005107527,19,19,3701,0.497433126,0.994866387,1
Isolation Forest,0.005107527,19,19,3701,0.497433126,0.994866387,1
Isolation Forest,0.005107527,19,19,3701,0.497433126,0.994866387,1
Isolation Forest,0.005107527,19,18,3702,0.497568225,0.99486776,0.947368421
Isolation Forest,0.005107527,19,19,3701,0.497433126,0.994866387,1
Isolation Forest,0.005107527,19,19,3701,0.497433126,0.994866387,1
Isolation Forest,0.005107527,19,18,3702,0.497568225,0.99486776,0.947368421
Isolation Forest,0.005107527,19,19,3701,0.497433126,0.994866387,1
Isolation Forest,0.005107527,19,19,3701,0.497433126,0.994866387,1
Isolation Forest,0.005107527,19,18,3702,0.497568225,0.99486776,0.947368421
Isolation Forest,0.005,16,15,3185,0.748900754,0.997482756,0.9375
Isolation Forest,0.005090678,16,16,3127,0.528851535,0.995201661,1
Isolation Forest,0.0050521,16,16,3151,0.497461123,0.994922377,1
Isolation Forest,0.005061689,16,16,3145,0.49745628,0.994912691,1
Isolation Forest,0.005058489,16,16,3147,0.497457896,0.994915924,1
Isolation Forest,0.005069708,16,16,3140,0.528861465,0.995221532,1
Isolation Forest,0.005047319,16,16,3154,0.497463538,0.994927207,1
Isolation Forest,0.005060089,16,16,3146,0.497457088,0.994914308,1
Isolation Forest,0.005082592,16,16,3132,0.560265006,0.995527274,1
Isolation Forest,0.005106926,16,16,3117,0.49743343,0.994866994,1
Isolation Forest,0.005053696,16,16,3150,0.497460317,0.994920765,1
Isolation Forest,0.005061689,16,16,3145,0.49745628,0.994912691,1
Isolation Forest,0.005082592,16,16,3132,0.497445722,0.994891576,1
Isolation Forest,0.005077753,16,16,3135,0.497448166,0.994896464,1
Isolation Forest,0.005080978,16,16,3133,0.528856128,0.995210853,1
Isolation Forest,0.005093919,16,16,3125,0.49744,0.994880134,1
Isolation Forest,0.005072923,16,15,3139,0.497609943,0.994902951,0.9375
Isolation Forest,0.005068103,16,16,3141,0.49745304,0.994906212,1
Isolation Forest,0.0050521,16,16,3151,0.528869803,0.995238218,1
Isolation Forest,0.005092298,16,16,3126,0.497440819,0.994881771,1
Isolation Forest,0.005042546,16,16,3157,0.497465949,0.994932027,1
Isolation Forest,0.005084207,16,15,3132,0.497604599,0.99489156,0.9375
Isolation Forest,0.005090678,16,16,3127,0.497441637,0.994883408,1
Isolation Forest,0.005072923,16,16,3138,0.497450605,0.994901343,1
Isolation Forest,0.005111821,16,16,3114,0.497430957,0.994862049,1
Isolation Forest,0.005050505,16,16,3152,0.497461929,0.994923988,1
Isolation Forest,0.005071315,16,16,3139,0.497451418,0.994902967,1
Isolation Forest,0.00505689,16,16,3148,0.497458704,0.994917539,1
Isolation Forest,0.005084207,16,16,3131,0.497444906,0.994889944,1
Isolation Forest,0.005097165,16,16,3123,0.528848463,0.995195513,1
Isolation Forest,0.005058489,16,15,3148,0.497616778,0.994917523,0.9375
Isolation Forest,0.005079365,16,16,3134,0.528856892,0.995212381,1
Isolation Forest,0.005074532,16,16,3137,0.497449793,0.994899718,1
Isolation Forest,0.00505689,16,16,3148,0.497458704,0.994917539,1
Isolation Forest,0.005066498,16,15,3143,0.497612985,0.994909438,0.9375
Isolation Forest,0.005072923,16,16,3138,0.497450605,0.994901343,1
Isolation Forest,0.005082592,16,15,3133,0.529015006,0.995210939,0.9375
Isolation Forest,0.005093919,16,16,3125,0.49744,0.994880134,1
Isolation Forest,0.005040958,16,16,3158,0.497466751,0.994933632,1
Isolation Forest,0.005055292,16,16,3149,0.497459511,0.994919152,1
Isolation Forest,0.005080978,16,16,3133,0.497446537,0.994893206,1
Isolation Forest,0.005063291,16,16,3144,0.497455471,0.994911073,1
Isolation Forest,0.005097165,16,16,3123,0.497438361,0.994876855,1
Isolation Forest,0.005079365,16,15,3135,0.497606892,0.994896448,0.9375
Isolation Forest,0.005092298,16,15,3127,0.497600768,0.994883392,0.9375
Isolation Forest,0.005068103,16,16,3141,0.49745304,0.994906212,1
Isolation Forest,0.005064894,16,16,3143,0.497454661,0.994909454,1
Isolation Forest,0.005085823,16,16,3130,0.497444089,0.994888312,1
Isolation Forest,0.005082592,16,16,3132,0.497445722,0.994891576,1
Isolation Forest,0.005044136,16,16,3156,0.497465146,0.994930421,1
Isolation Forest,0.005042546,16,16,3157,0.497465949,0.994932027,1
Isolation Forest,0.005098789,16,16,3122,0.49743754,0.994875214,1
Isolation Forest,0.005077753,16,16,3135,0.497448166,0.994896464,1
Isolation Forest,0.005089059,16,16,3128,0.497442455,0.994885044,1
Isolation Forest,0.005023548,16,16,3169,0.497475544,0.994951217,1
Isolation Forest,0.005105297,16,16,3118,0.497434253,0.99486864,1
Isolation Forest,0.005055292,16,15,3150,0.497618292,0.99492075,0.9375
Isolation Forest,0.005093919,16,16,3125,0.49744,0.994880134,1
Isolation Forest,0.005066498,16,16,3142,0.497453851,0.994907833,1
Isolation Forest,0.005106926,16,16,3117,0.49743343,0.994866994,1
Isolation Forest,0.005047319,16,15,3155,0.497622067,0.994928799,0.9375
Isolation Forest,0.005574136,5,5,892,0.497197309,0.994394794,1
Isolation Forest,0.005524862,5,5,900,0.497222222,0.994444615,1
Isolation Forest,0.005630631,5,5,883,0.597734994,0.995465003,1
Isolation Forest,0.005592841,5,5,889,0.497187852,0.99437588,1
Isolation Forest,0.005707763,5,5,871,0.698277842,0.996547887,1
Isolation Forest,0.005586592,5,5,890,0.497191011,0.994382199,1
Isolation Forest,0.005476451,5,5,908,0.497246696,0.994493558,1
Isolation Forest,0.005567929,5,5,893,0.497200448,0.99440107,1
Isolation Forest,0.005567929,5,5,893,0.497200448,0.99440107,1
Isolation Forest,0.005561735,5,5,894,0.497203579,0.994407333,1
Isolation Forest,0.010163145,38,37,3702,0.508294344,0.990003763,0.973684211
Isolation Forest,0.010163145,38,38,3701,0.508159246,0.990001044,1
Isolation Forest,0.010163145,38,38,3701,0.521452239,0.990268658,1
Isolation Forest,0.010163145,38,38,3701,0.508159246,0.990001044,1
Isolation Forest,0.010163145,38,38,3701,0.534745232,0.990536418,1
Isolation Forest,0.010163145,38,38,3701,0.508159246,0.990001044,1
Isolation Forest,0.010163145,38,38,3701,0.494866252,0.989733576,1
Isolation Forest,0.010163145,38,38,3701,0.494866252,0.989733576,1
Isolation Forest,0.010163145,38,38,3701,0.521452239,0.990268658,1
Isolation Forest,0.010163145,38,38,3701,0.494866252,0.989733576,1
Isolation Forest,0.010163145,38,38,3701,0.494866252,0.989733576,1
Isolation Forest,0.010163145,38,37,3702,0.521587338,0.990271378,0.973684211
Isolation Forest,0.010163145,38,38,3701,0.521452239,0.990268658,1
Isolation Forest,0.010163145,38,38,3701,0.494866252,0.989733576,1
Isolation Forest,0.010163145,38,38,3701,0.494866252,0.989733576,1
Isolation Forest,0.010163145,38,38,3701,0.494866252,0.989733576,1
Isolation Forest,0.010163145,38,38,3701,0.508159246,0.990001044,1
Isolation Forest,0.010163145,38,38,3701,0.534745232,0.990536418,1
Isolation Forest,0.010163145,38,38,3701,0.521452239,0.990268658,1
Isolation Forest,0.010163145,38,38,3701,0.494866252,0.989733576,1
Isolation Forest,0.010163145,38,38,3701,0.521452239,0.990268658,1
Isolation Forest,0.010163145,38,38,3701,0.521452239,0.990268658,1
Isolation Forest,0.010163145,38,37,3702,0.495001351,0.989736294,0.973684211
Isolation Forest,0.010163145,38,38,3701,0.521452239,0.990268658,1
Isolation Forest,0.010163145,38,38,3701,0.494866252,0.989733576,1
Isolation Forest,0.010163145,38,38,3701,0.494866252,0.989733576,1
Isolation Forest,0.010163145,38,38,3701,0.508159246,0.990001044,1
Isolation Forest,0.010163145,38,38,3701,0.508159246,0.990001044,1
Isolation Forest,0.010163145,38,38,3701,0.508159246,0.990001044,1
Isolation Forest,0.010163145,38,38,3701,0.521452239,0.990268658,1
Isolation Forest,0.010163145,38,38,3701,0.508159246,0.990001044,1
Isolation Forest,0.010163145,38,38,3701,0.534745232,0.990536418,1
Isolation Forest,0.010163145,38,38,3701,0.494866252,0.989733576,1
Isolation Forest,0.010163145,38,38,3701,0.534745232,0.990536418,1
Isolation Forest,0.010163145,38,38,3701,0.521452239,0.990268658,1
Isolation Forest,0.010163145,38,38,3701,0.508159246,0.990001044,1
Isolation Forest,0.010163145,38,38,3701,0.494866252,0.989733576,1
Isolation Forest,0.010163145,38,38,3701,0.548038226,0.990804323,1
Isolation Forest,0.010163145,38,38,3701,0.534745232,0.990536418,1
Isolation Forest,0.010163145,38,38,3701,0.534745232,0.990536418,1
Isolation Forest,0.010163145,38,38,3701,0.494866252,0.989733576,1
Isolation Forest,0.010163145,38,38,3701,0.508159246,0.990001044,1
Isolation Forest,0.010163145,38,38,3701,0.494866252,0.989733576,1
Isolation Forest,0.010163145,38,38,3701,0.494866252,0.989733576,1
Isolation Forest,0.010163145,38,38,3701,0.494866252,0.989733576,1
Isolation Forest,0.010163145,38,38,3701,0.494866252,0.989733576,1
Isolation Forest,0.010163145,38,38,3701,0.494866252,0.989733576,1
Isolation Forest,0.010163145,38,38,3701,0.494866252,0.989733576,1
Isolation Forest,0.010163145,38,38,3701,0.494866252,0.989733576,1
Isolation Forest,0.010163145,38,38,3701,0.508159246,0.990001044,1
Isolation Forest,0.010163145,38,37,3702,0.495001351,0.989736294,0.973684211
Isolation Forest,0.010163145,38,38,3701,0.494866252,0.989733576,1
Isolation Forest,0.010163145,38,38,3701,0.494866252,0.989733576,1
Isolation Forest,0.010163145,38,38,3701,0.494866252,0.989733576,1
Isolation Forest,0.010163145,38,38,3701,0.494866252,0.989733576,1
Isolation Forest,0.010163145,38,38,3701,0.508159246,0.990001044,1
Isolation Forest,0.010163145,38,38,3701,0.494866252,0.989733576,1
Isolation Forest,0.010163145,38,37,3702,0.495001351,0.989736294,0.973684211
Isolation Forest,0.010163145,38,37,3702,0.495001351,0.989736294,0.973684211
Isolation Forest,0.010163145,38,38,3701,0.508159246,0.990001044,1
Isolation Forest,0.010163145,38,38,3701,0.494866252,0.989733576,1
Isolation Forest,0.010163145,38,38,3701,0.508159246,0.990001044,1
Isolation Forest,0.010163145,38,37,3702,0.495001351,0.989736294,0.973684211
Isolation Forest,0.010163145,38,38,3701,0.508159246,0.990001044,1
Isolation Forest,0.010163145,38,38,3701,0.494866252,0.989733576,1
Isolation Forest,0.010163145,38,38,3701,0.494866252,0.989733576,1
Isolation Forest,0.010163145,38,38,3701,0.508159246,0.990001044,1
Isolation Forest,0.010163145,38,38,3701,0.494866252,0.989733576,1
Isolation Forest,0.010163145,38,38,3701,0.508159246,0.990001044,1
Isolation Forest,0.010163145,38,38,3701,0.521452239,0.990268658,1
Isolation Forest,0.010163145,38,37,3702,0.495001351,0.989736294,0.973684211
Isolation Forest,0.010163145,38,38,3701,0.494866252,0.989733576,1
Isolation Forest,0.010163145,38,38,3701,0.494866252,0.989733576,1
Isolation Forest,0.010163145,38,38,3701,0.508159246,0.990001044,1
Isolation Forest,0.010163145,38,37,3702,0.508294344,0.990003763,0.973684211
Isolation Forest,0.010163145,38,38,3701,0.494866252,0.989733576,1
Isolation Forest,0.010163145,38,38,3701,0.561331219,0.991072375,1
Isolation Forest,0.010163145,38,37,3702,0.521587338,0.990271378,0.973684211
Isolation Forest,0.010163145,38,38,3701,0.508159246,0.990001044,1
Isolation Forest,0.010163145,38,38,3701,0.508159246,0.990001044,1
Isolation Forest,0.010163145,38,38,3701,0.494866252,0.989733576,1
Isolation Forest,0.010163145,38,38,3701,0.521452239,0.990268658,1
Isolation Forest,0.010163145,38,38,3701,0.521452239,0.990268658,1
Isolation Forest,0.010163145,38,38,3701,0.521452239,0.990268658,1
Isolation Forest,0.010163145,38,38,3701,0.494866252,0.989733576,1
Isolation Forest,0.010163145,38,38,3701,0.494866252,0.989733576,1
Isolation Forest,0.010163145,38,38,3701,0.534745232,0.990536418,1
Isolation Forest,0.010163145,38,38,3701,0.494866252,0.989733576,1
Isolation Forest,0.010163145,38,37,3702,0.521587338,0.990271378,0.973684211
Isolation Forest,0.010163145,38,38,3701,0.521452239,0.990268658,1
Isolation Forest,0.010163145,38,38,3701,0.494866252,0.989733576,1
Isolation Forest,0.010163145,38,38,3701,0.521452239,0.990268658,1
Isolation Forest,0.010163145,38,38,3701,0.561331219,0.991072375,1
Isolation Forest,0.010163145,38,38,3701,0.521452239,0.990268658,1
Isolation Forest,0.010163145,38,38,3701,0.494866252,0.989733576,1
Isolation Forest,0.010163145,38,38,3701,0.521452239,0.990268658,1
Isolation Forest,0.010163145,38,38,3701,0.534745232,0.990536418,1
Isolation Forest,0.010163145,38,38,3701,0.508159246,0.990001044,1
Isolation Forest,0.010163145,38,38,3701,0.508159246,0.990001044,1
Isolation Forest,0.010163145,38,38,3701,0.508159246,0.990001044,1
Isolation Forest,0.010163145,38,38,3701,0.494866252,0.989733576,1
Isolation Forest,0.010163145,38,38,3701,0.494866252,0.989733576,1
Isolation Forest,0.010163145,38,38,3701,0.508159246,0.990001044,1
Isolation Forest,0.010163145,38,37,3702,0.495001351,0.989736294,0.973684211
Isolation Forest,0.010163145,38,38,3701,0.494866252,0.989733576,1
Isolation Forest,0.010163145,38,37,3702,0.495001351,0.989736294,0.973684211
Isolation Forest,0.010163145,38,37,3702,0.495001351,0.989736294,0.973684211
Isolation Forest,0.010163145,38,38,3701,0.508159246,0.990001044,1
Isolation Forest,0.010163145,38,38,3701,0.494866252,0.989733576,1
Isolation Forest,0.010163145,38,38,3701,0.494866252,0.989733576,1
Isolation Forest,0.010163145,38,38,3701,0.494866252,0.989733576,1
Isolation Forest,0.010163145,38,38,3701,0.494866252,0.989733576,1
Isolation Forest,0.010163145,38,38,3701,0.494866252,0.989733576,1
Isolation Forest,0.010163145,38,38,3701,0.521452239,0.990268658,1
Isolation Forest,0.010163145,38,38,3701,0.494866252,0.989733576,1
Isolation Forest,0.010163145,38,38,3701,0.548038226,0.990804323,1
Isolation Forest,0.010163145,38,38,3701,0.494866252,0.989733576,1
Isolation Forest,0.010163145,38,38,3701,0.494866252,0.989733576,1
Isolation Forest,0.010163145,38,38,3701,0.508159246,0.990001044,1
Isolation Forest,0.010163145,38,38,3701,0.494866252,0.989733576,1
Isolation Forest,0.010296412,33,32,3173,0.510265008,0.989912842,0.96969697
Isolation Forest,0.010296412,33,33,3172,0.525416523,0.990221871,1
Isolation Forest,0.010273973,33,33,3179,0.510118486,0.989931849,1
Isolation Forest,0.010040791,32,31,3156,0.510870642,0.990175365,0.96875
Isolation Forest,0.010267579,33,32,3182,0.494970135,0.989630203,0.96969697
Isolation Forest,0.010299625,33,33,3171,0.494796594,0.989594304,1
Isolation Forest,0.0102932,33,33,3173,0.494799874,0.989600861,1
Isolation Forest,0.010277172,33,33,3178,0.494808055,0.989617219,1
Isolation Forest,0.010028204,32,32,3159,0.510718384,0.990184658,1
Isolation Forest,0.010254817,33,33,3185,0.525436468,0.990261798,1
Isolation Forest,0.010075567,32,32,3144,0.510694975,0.990137824,1
Isolation Forest,0.010072395,32,32,3145,0.510696542,0.99014096,1
Isolation Forest,0.010069226,32,32,3146,0.558049905,0.991089405,1
Isolation Forest,0.010251631,33,33,3186,0.510129544,0.989953972,1
Isolation Forest,0.010025063,32,32,3160,0.494936709,0.989874446,1
Isolation Forest,0.010015649,32,32,3163,0.510724589,0.990197073,1
Isolation Forest,0.010270775,33,33,3180,0.510120069,0.989935015,1
Isolation Forest,0.010040791,32,32,3155,0.526495642,0.990486224,1
Isolation Forest,0.010081916,32,32,3142,0.526475971,0.990446844,1
Isolation Forest,0.010088272,32,32,3140,0.494904459,0.989809965,1
Isolation Forest,0.010296412,33,33,3172,0.510107379,0.989909628,1
Isolation Forest,0.010034494,32,32,3157,0.526498654,0.990492254,1
Isolation Forest,0.010283577,33,32,3177,0.510271163,0.989925543,0.96969697
Isolation Forest,0.010085093,32,32,3141,0.510690266,0.990128404,1
Isolation Forest,0.010085093,32,32,3141,0.494906081,0.989813208,1
Isolation Forest,0.010081916,32,32,3142,0.494907702,0.98981645,1
Isolation Forest,0.010280374,33,32,3178,0.510272699,0.989928714,0.96969697
Isolation Forest,0.010069226,32,32,3146,0.510698109,0.990144094,1
Isolation Forest,0.010306059,33,33,3169,0.510102604,0.989900075,1
Isolation Forest,0.010003126,32,32,3167,0.4949479,0.989896822,1
Isolation Forest,0.010110585,32,32,3133,0.494893074,0.989787202,1
Isolation Forest,0.010009384,32,31,3166,0.495102686,0.989893569,0.96875
Isolation Forest,0.010286783,33,33,3175,0.49480315,0.98960741,1
Isolation Forest,0.010056568,32,32,3150,0.510704365,0.990156611,1
Isolation Forest,0.010009384,32,32,3165,0.494944708,0.989890439,1
Isolation Forest,0.010302841,33,33,3170,0.510104197,0.989903261,1
Isolation Forest,0.010245265,33,33,3188,0.510132695,0.989960275,1
Isolation Forest,0.010075567,32,32,3144,0.510694975,0.990137824,1
Isolation Forest,0.010037641,32,32,3156,0.51071372,0.990175327,1
Isolation Forest,0.010021923,32,32,3161,0.526504666,0.990504291,1
Isolation Forest,0.010286783,33,33,3175,0.49480315,0.98960741,1
Isolation Forest,0.010021923,32,32,3161,0.494938311,0.989877648,1
Isolation Forest,0.010043942,32,32,3154,0.494927077,0.989855187,1
Isolation Forest,0.010299625,33,33,3171,0.494796594,0.989594304,1
Isolation Forest,0.01,32,31,3169,0.495107323,0.989903135,0.96875
Isolation Forest,0.010021923,32,32,3161,0.510721488,0.990190869,1
Isolation Forest,0.010299625,33,33,3171,0.494796594,0.989594304,1
Isolation Forest,0.010283577,33,33,3176,0.494804786,0.989610682,1
Isolation Forest,0.010075567,32,32,3144,0.494910941,0.989822927,1
Isolation Forest,0.010040791,32,32,3155,0.510712163,0.990172213,1
Isolation Forest,0.010018785,32,32,3162,0.510723039,0.990193972,1
Isolation Forest,0.010299625,33,33,3171,0.494796594,0.989594304,1
Isolation Forest,0.010075567,32,32,3144,0.510694975,0.990137824,1
Isolation Forest,0.010062893,32,32,3148,0.494917408,0.989835856,1
Isolation Forest,0.010047096,32,31,3154,0.510867626,0.990169134,0.96875
Isolation Forest,0.010107391,32,32,3134,0.494894703,0.98979046,1
Isolation Forest,0.0102932,33,33,3173,0.494799874,0.989600861,1
Isolation Forest,0.010015649,32,32,3163,0.494941511,0.989884048,1
Isolation Forest,0.010110585,32,32,3133,0.494893074,0.989787202,1
Isolation Forest,0.010021923,32,31,3162,0.495096488,0.989880786,0.96875
Isolation Forest,0.050051335,195,195,3701,0.508745384,0.950781051,1
Isolation Forest,0.050051335,195,195,3701,0.511444585,0.951038271,1
Isolation Forest,0.050051335,195,194,3702,0.52507569,0.952339472,0.994871795
Isolation Forest,0.050051335,195,195,3701,0.535737396,0.953359818,1
Isolation Forest,0.050051335,195,195,3701,0.52224139,0.952068609,1
Isolation Forest,0.050051335,195,195,3701,0.514143787,0.951295636,1
Isolation Forest,0.050051335,195,195,3701,0.533038195,0.953101284,1
Isolation Forest,0.050051335,195,194,3702,0.535872495,0.953372758,0.994871795
Isolation Forest,0.050051335,195,194,3702,0.511579684,0.951051148,0.994871795
Isolation Forest,0.050051335,195,195,3701,0.500647781,0.950010269,1
Isolation Forest,0.050051335,195,195,3701,0.519542189,0.951810806,1
Isolation Forest,0.050051335,195,194,3702,0.506181282,0.950536841,0.994871795
Isolation Forest,0.050051335,195,194,3702,0.508880483,0.950793922,0.994871795
Isolation Forest,0.050051335,195,195,3701,0.516842988,0.951553148,1
Isolation Forest,0.050051335,195,195,3701,0.530338994,0.952842896,1
Isolation Forest,0.050051335,195,195,3701,0.52224139,0.952068609,1
Isolation Forest,0.050051335,195,195,3701,0.527639792,0.952584655,1
Isolation Forest,0.050051335,195,195,3701,0.533038195,0.953101284,1
Isolation Forest,0.050051335,195,195,3701,0.524940591,0.952326559,1
Isolation Forest,0.050051335,195,195,3701,0.52224139,0.952068609,1
Isolation Forest,0.050051335,195,195,3701,0.503346982,0.95026705,1
Isolation Forest,0.050051335,195,195,3701,0.52224139,0.952068609,1
Isolation Forest,0.050051335,195,195,3701,0.527639792,0.952584655,1
Isolation Forest,0.050051335,195,194,3702,0.52507569,0.952339472,0.994871795
Isolation Forest,0.050051335,195,195,3701,0.535737396,0.953359818,1
Isolation Forest,0.050051335,195,195,3701,0.516842988,0.951553148,1
Isolation Forest,0.050051335,195,195,3701,0.511444585,0.951038271,1
Isolation Forest,0.050051335,195,195,3701,0.516842988,0.951553148,1
Isolation Forest,0.050051335,195,195,3701,0.503346982,0.95026705,1
Isolation Forest,0.050051335,195,195,3701,0.508745384,0.950781051,1
Isolation Forest,0.050051335,195,195,3701,0.508745384,0.950781051,1
Isolation Forest,0.050051335,195,195,3701,0.530338994,0.952842896,1
Isolation Forest,0.050051335,195,195,3701,0.530338994,0.952842896,1
Isolation Forest,0.050051335,195,195,3701,0.527639792,0.952584655,1
Isolation Forest,0.050051335,195,195,3701,0.519542189,0.951810806,1
Isolation Forest,0.050051335,195,195,3701,0.506046183,0.950523978,1
Isolation Forest,0.050051335,195,195,3701,0.530338994,0.952842896,1
Isolation Forest,0.050051335,195,195,3701,0.511444585,0.951038271,1
Isolation Forest,0.050051335,195,195,3701,0.527639792,0.952584655,1
Isolation Forest,0.050051335,195,195,3701,0.500647781,0.950010269,1
Isolation Forest,0.050051335,195,195,3701,0.500647781,0.950010269,1
Isolation Forest,0.050051335,195,195,3701,0.503346982,0.95026705,1
Isolation Forest,0.050051335,195,195,3701,0.511444585,0.951038271,1
Isolation Forest,0.050051335,195,195,3701,0.500647781,0.950010269,1
Isolation Forest,0.050051335,195,195,3701,0.514143787,0.951295636,1
Isolation Forest,0.050051335,195,195,3701,0.524940591,0.952326559,1
Isolation Forest,0.050051335,195,194,3702,0.508880483,0.950793922,0.994871795
Isolation Forest,0.050051335,195,195,3701,0.506046183,0.950523978,1
Isolation Forest,0.050051335,195,195,3701,0.506046183,0.950523978,1
Isolation Forest,0.050051335,195,195,3701,0.516842988,0.951553148,1
Isolation Forest,0.050051335,195,195,3701,0.511444585,0.951038271,1
Isolation Forest,0.050051335,195,195,3701,0.508745384,0.950781051,1
Isolation Forest,0.050051335,195,195,3701,0.503346982,0.95026705,1
Isolation Forest,0.050051335,195,195,3701,0.508745384,0.950781051,1
Isolation Forest,0.05,16,16,304,0.769736842,0.97635258,1
Isolation Forest,0.050051335,195,194,3702,0.511579684,0.951051148,0.994871795
Isolation Forest,0.050051335,195,195,3701,0.511444585,0.951038271,1
Isolation Forest,0.050051335,195,195,3701,0.516842988,0.951553148,1
Isolation Forest,0.050051335,195,195,3701,0.527639792,0.952584655,1
Isolation Forest,0.050051335,195,194,3702,0.511579684,0.951051148,0.994871795
Isolation Forest,0.050051335,195,195,3701,0.52224139,0.952068609,1
Isolation Forest,0.050051335,195,195,3701,0.546534201,0.954395413,1
Isolation Forest,0.050051335,195,195,3701,0.524940591,0.952326559,1
Isolation Forest,0.050051335,195,194,3702,0.543970098,0.954149256,0.994871795
Isolation Forest,0.050051335,195,195,3701,0.52224139,0.952068609,1
Isolation Forest,0.050051335,195,195,3701,0.508745384,0.950781051,1
Isolation Forest,0.050051335,195,194,3702,0.508880483,0.950793922,0.994871795
Isolation Forest,0.050051335,195,195,3701,0.527639792,0.952584655,1
Isolation Forest,0.050051335,195,195,3701,0.527639792,0.952584655,1
Isolation Forest,0.050051335,195,195,3701,0.527639792,0.952584655,1
Isolation Forest,0.050051335,195,195,3701,0.516842988,0.951553148,1
Isolation Forest,0.050051335,195,195,3701,0.533038195,0.953101284,1
Isolation Forest,0.050051335,195,195,3701,0.527639792,0.952584655,1
Isolation Forest,0.050051335,195,195,3701,0.530338994,0.952842896,1
Isolation Forest,0.050051335,195,195,3701,0.527639792,0.952584655,1
Isolation Forest,0.050051335,195,195,3701,0.530338994,0.952842896,1
Isolation Forest,0.050051335,195,195,3701,0.527639792,0.952584655,1
Isolation Forest,0.050051335,195,195,3701,0.527639792,0.952584655,1
Isolation Forest,0.050051335,195,195,3701,0.519542189,0.951810806,1
Isolation Forest,0.050051335,195,195,3701,0.516842988,0.951553148,1
Isolation Forest,0.050051335,195,195,3701,0.524940591,0.952326559,1
Isolation Forest,0.050051335,195,195,3701,0.530338994,0.952842896,1
Isolation Forest,0.050051335,195,195,3701,0.524940591,0.952326559,1
Isolation Forest,0.050051335,195,195,3701,0.527639792,0.952584655,1
Isolation Forest,0.050051335,195,195,3701,0.52224139,0.952068609,1
Isolation Forest,0.050051335,195,195,3701,0.52224139,0.952068609,1
Isolation Forest,0.050051335,195,195,3701,0.519542189,0.951810806,1
Isolation Forest,0.050051335,195,195,3701,0.506046183,0.950523978,1
Isolation Forest,0.050051335,195,194,3702,0.506181282,0.950536841,0.994871795
Isolation Forest,0.050051335,195,195,3701,0.508745384,0.950781051,1
Isolation Forest,0.050051335,195,195,3701,0.530338994,0.952842896,1
Isolation Forest,0.050051335,195,195,3701,0.511444585,0.951038271,1
Isolation Forest,0.050051335,195,195,3701,0.500647781,0.950010269,1
Isolation Forest,0.050051335,195,195,3701,0.535737396,0.953359818,1
Isolation Forest,0.050051335,195,195,3701,0.524940591,0.952326559,1
Isolation Forest,0.050051335,195,195,3701,0.535737396,0.953359818,1
Isolation Forest,0.050051335,195,195,3701,0.533038195,0.953101284,1
Isolation Forest,0.050051335,195,195,3701,0.514143787,0.951295636,1
Isolation Forest,0.050051335,195,195,3701,0.524940591,0.952326559,1
Isolation Forest,0.050051335,195,195,3701,0.527639792,0.952584655,1
Isolation Forest,0.050051335,195,195,3701,0.506046183,0.950523978,1
Isolation Forest,0.050051335,195,195,3701,0.506046183,0.950523978,1
Isolation Forest,0.050051335,195,195,3701,0.500647781,0.950010269,1
Isolation Forest,0.050051335,195,195,3701,0.500647781,0.950010269,1
Isolation Forest,0.050051335,195,195,3701,0.500647781,0.950010269,1
Isolation Forest,0.050051335,195,195,3701,0.506046183,0.950523978,1
Isolation Forest,0.050051335,195,195,3701,0.508745384,0.950781051,1
Isolation Forest,0.050051335,195,194,3702,0.50348208,0.950279906,0.994871795
Isolation Forest,0.050051335,195,195,3701,0.508745384,0.950781051,1
Isolation Forest,0.050051335,195,195,3701,0.514143787,0.951295636,1
Isolation Forest,0.050051335,195,195,3701,0.503346982,0.95026705,1
Isolation Forest,0.050051335,195,195,3701,0.508745384,0.950781051,1
Isolation Forest,0.050051335,195,195,3701,0.506046183,0.950523978,1
Isolation Forest,0.050051335,195,195,3701,0.497948579,0.949753633,1
Isolation Forest,0.050051335,195,195,3701,0.508745384,0.950781051,1
Isolation Forest,0.050051335,195,195,3701,0.503346982,0.95026705,1
Isolation Forest,0.050051335,195,195,3701,0.506046183,0.950523978,1
Isolation Forest,0.050051335,195,195,3701,0.514143787,0.951295636,1
Isolation Forest,0.050051335,195,195,3701,0.514143787,0.951295636,1
Isolation Forest,0.050051335,195,195,3701,0.500647781,0.950010269,1
Isolation Forest,0.050157638,175,175,3314,0.524733167,0.952205185,1
Isolation Forest,0.050228311,176,176,3328,0.506460337,0.950388497,1
Isolation Forest,0.050113895,176,176,3336,0.503528995,0.950222208,1
Isolation Forest,0.050128169,176,176,3335,0.527448208,0.952493315,1
Isolation Forest,0.05,175,175,3325,0.515789474,0.951502493,1
Isolation Forest,0.050115875,173,173,3279,0.549686479,0.954639505,1
Isolation Forest,0.050043141,174,174,3303,0.51903442,0.951770237,1
Isolation Forest,0.050086856,173,173,3281,0.510146878,0.950879717,1
Isolation Forest,0.050200803,175,175,3311,0.509670794,0.95072236,1
Isolation Forest,0.050198525,177,177,3349,0.500341615,0.949834051,1
Isolation Forest,0.050126725,178,178,3373,0.51501514,0.951305404,1
Isolation Forest,0.050071942,174,174,3301,0.52204487,0.952030048,1
Isolation Forest,0.050199658,176,176,3330,0.515448403,0.951275897,1
Isolation Forest,0.05021398,176,176,3329,0.521423305,0.951834112,1
Isolation Forest,0.050086356,174,174,3300,0.515987461,0.951437503,1
Isolation Forest,0.050200803,175,175,3311,0.50666264,0.950435003,1
Isolation Forest,0.050085373,176,176,3338,0.503543902,0.950251968,1
Isolation Forest,0.050100777,174,174,3299,0.519005237,0.951711794,1
Isolation Forest,0.050256996,176,176,3326,0.51242791,0.950930963,1
Isolation Forest,0.05015674,176,176,3333,0.512479373,0.951033888,1
Isolation Forest,0.050128903,175,175,3316,0.527755471,0.952522049,1
Isolation Forest,0.050212766,177,177,3348,0.506282526,0.950386878,1
Isolation Forest,0.050143266,175,175,3315,0.506692523,0.950494699,1
Isolation Forest,0.05021398,176,176,3329,0.524414409,0.952120802,1
Isolation Forest,0.050230947,174,174,3290,0.509862698,0.95071109,1
Isolation Forest,0.050014372,174,174,3305,0.516024136,0.951510905,1
Isolation Forest,0.050143266,175,175,3315,0.506692523,0.950494699,1
Isolation Forest,0.050113895,176,176,3336,0.515492152,0.951363446,1
Isolation Forest,0.050157638,175,175,3314,0.503677041,0.95019286,1
Isolation Forest,0.050028588,175,175,3323,0.518782511,0.951760249,1
Isolation Forest,0.050128169,176,176,3335,0.512494037,0.951063216,1
Isolation Forest,0.050245452,174,174,3289,0.509855212,0.950696127,1
Isolation Forest,0.050241272,177,176,3347,0.503442849,0.950087413,0.994350282
Isolation Forest,0.050128169,176,176,3335,0.533429876,0.953066614,1
Isolation Forest,0.050028588,175,175,3323,0.518782511,0.951760249,1
Isolation Forest,0.050056883,176,176,3340,0.51851184,0.951707072,1
Isolation Forest,0.050085861,175,175,3319,0.509730125,0.950840954,1
Isolation Forest,0.050144092,174,174,3296,0.540160138,0.953697757,1
Isolation Forest,0.050014209,176,176,3343,0.515542994,0.951465191,1
Isolation Forest,0.05009963,176,176,3337,0.512508684,0.951092509,1
Isolation Forest,0.050127443,177,177,3354,0.494431137,0.94934255,1
Isolation Forest,0.050184293,177,177,3350,0.515219664,0.951268957,1
Isolation Forest,0.050042409,177,177,3360,0.500423729,0.94999788,1
Isolation Forest,0.05,173,173,3287,0.48889565,0.94894632,1
Isolation Forest,0.05021645,174,174,3291,0.500793701,0.949859267,1
Isolation Forest,0.050086856,173,173,3281,0.513189444,0.951169949,1
Isolation Forest,0.05004339,173,172,3285,0.501194265,0.950070172,0.994219653
Isolation Forest,0.050143266,175,175,3315,0.497668606,0.949634705,1
Isolation Forest,0.050115207,174,174,3298,0.509922419,0.950830469,1
Isolation Forest,0.050154973,178,178,3371,0.482470277,0.948177906,1
Isolation Forest,0.05004265,176,176,3341,0.4975851,0.949727808,1
Isolation Forest,0.050028588,175,174,3324,0.50991015,0.950914369,0.994285714
Isolation Forest,0.05004265,176,176,3341,0.500575665,0.950012086,1
Isolation Forest,0.05015674,176,176,3333,0.515470297,0.951319711,1
Isolation Forest,0.050085861,175,175,3319,0.503714544,0.950267733,1
Isolation Forest,0.050256996,176,176,3326,0.50943667,0.950644751,1
Isolation Forest,0.05017301,174,173,3295,0.488866905,0.948767127,0.994252874
Isolation Forest,0.0501002,175,175,3318,0.494683544,0.949394061,1
Isolation Forest,0.050228311,176,176,3328,0.48851344,0.948677078,1
Isolation Forest,0.050071124,176,176,3339,0.506542004,0.950551633,1
Isolation Forest,0.100170192,412,409,3704,0.521620042,0.903746047,0.992718447
Isolation Forest,0.100170192,412,412,3701,0.540096418,0.907122607,1
Isolation Forest,0.100170192,412,412,3701,0.541445109,0.907370153,1
Isolation Forest,0.100170192,412,412,3701,0.538747728,0.906875208,1
Isolation Forest,0.100170192,412,412,3701,0.527958201,0.904901269,1
Isolation Forest,0.100170192,412,412,3701,0.541445109,0.907370153,1
Isolation Forest,0.100170192,412,412,3701,0.538747728,0.906875208,1
Isolation Forest,0.100170192,412,412,3701,0.533352964,0.90588707,1
Isolation Forest,0.100170192,412,412,3701,0.530655582,0.905393877,1
Isolation Forest,0.100170192,412,410,3703,0.540366616,0.907172154,0.995145631
Isolation Forest,0.100170192,412,412,3701,0.532004273,0.905640401,1
Isolation Forest,0.100170192,412,412,3701,0.534701655,0.906133886,1
Isolation Forest,0.100170192,412,412,3701,0.5427938,0.907617844,1
Isolation Forest,0.100170192,412,411,3702,0.530790681,0.905418555,0.997572816
Isolation Forest,0.100170192,412,412,3701,0.533352964,0.90588707,1
Isolation Forest,0.100170192,412,412,3701,0.525260819,0.904409244,1
Isolation Forest,0.100170192,412,412,3701,0.533352964,0.90588707,1
Isolation Forest,0.100170192,412,412,3701,0.518517365,0.903181737,1
Isolation Forest,0.100170192,412,412,3701,0.532004273,0.905640401,1
Isolation Forest,0.100170192,412,410,3703,0.526879707,0.904704457,0.995145631
Isolation Forest,0.100170192,412,412,3701,0.521214746,0.903672302,1
Isolation Forest,0.100170192,412,412,3701,0.523912128,0.904163451,1
Isolation Forest,0.100170192,412,412,3701,0.527958201,0.904901269,1
Isolation Forest,0.100170192,412,410,3703,0.534971852,0.906183324,0.995145631
Isolation Forest,0.100170192,412,411,3702,0.532139372,0.905665092,0.997572816
Isolation Forest,0.100170192,412,412,3701,0.518517365,0.903181737,1
Isolation Forest,0.100170192,412,412,3701,0.525260819,0.904409244,1
Isolation Forest,0.100170192,412,411,3702,0.540231517,0.90714738,0.997572816
Isolation Forest,0.100170192,412,412,3701,0.52660951,0.904655183,1
Isolation Forest,0.100170192,412,412,3701,0.519866056,0.903426947,1
Isolation Forest,0.100170192,412,411,3702,0.525395918,0.904433866,0.997572816
Isolation Forest,0.100170192,412,412,3701,0.523912128,0.904163451,1
Isolation Forest,0.100170192,412,411,3702,0.526744609,0.904679819,0.997572816
Isolation Forest,0.100170192,412,412,3701,0.534701655,0.906133886,1
Isolation Forest,0.100170192,412,412,3701,0.525260819,0.904409244,1
Isolation Forest,0.100170192,412,411,3702,0.52944199,0.905172164,0.997572816
Isolation Forest,0.100170192,412,412,3701,0.556280709,0.91010279,1
Isolation Forest,0.100170192,412,412,3701,0.518517365,0.903181737,1
Isolation Forest,0.100170192,412,412,3701,0.52660951,0.904655183,1
Isolation Forest,0.100170192,412,412,3701,0.529306892,0.9051475,1
Isolation Forest,0.100170192,412,412,3701,0.525260819,0.904409244,1
Isolation Forest,0.100170192,412,412,3701,0.506379147,0.900981424,1
Isolation Forest,0.100170192,412,412,3701,0.518517365,0.903181737,1
Isolation Forest,0.100170192,412,412,3701,0.519866056,0.903426947,1
Isolation Forest,0.100170192,412,412,3701,0.52660951,0.904655183,1
Isolation Forest,0.100170192,412,412,3701,0.503681765,0.900494072,1
Isolation Forest,0.100170192,412,412,3701,0.500984384,0.900007304,1
Isolation Forest,0.100170192,412,411,3702,0.520001154,0.903451513,0.997572816
Isolation Forest,0.100170192,412,412,3701,0.51177391,0.901957881,1
Isolation Forest,0.100170192,412,412,3701,0.522563437,0.903917803,1
Isolation Forest,0.100170192,412,412,3701,0.514471292,0.902446986,1
Isolation Forest,0.100170192,412,412,3701,0.51177391,0.901957881,1
Isolation Forest,0.100170192,412,412,3701,0.509076529,0.901469361,1
Isolation Forest,0.100170192,412,412,3701,0.522563437,0.903917803,1
Isolation Forest,0.100170192,412,412,3701,0.51042522,0.901713548,1
Isolation Forest,0.100170192,412,412,3701,0.518517365,0.903181737,1
Isolation Forest,0.100170192,412,412,3701,0.518517365,0.903181737,1
Isolation Forest,0.100170192,412,412,3701,0.505030456,0.900737675,1
Isolation Forest,0.100170192,412,412,3701,0.509076529,0.901469361,1
Isolation Forest,0.100170192,412,412,3701,0.517168674,0.902936674,1
Isolation Forest,0.100170192,412,412,3701,0.529306892,0.9051475,1
Isolation Forest,0.100170192,412,412,3701,0.533352964,0.90588707,1
Isolation Forest,0.100170192,412,412,3701,0.527958201,0.904901269,1
Isolation Forest,0.100170192,412,412,3701,0.523912128,0.904163451,1
Isolation Forest,0.100170192,412,412,3701,0.529306892,0.9051475,1
Isolation Forest,0.100170192,412,412,3701,0.52660951,0.904655183,1
Isolation Forest,0.100170192,412,412,3701,0.525260819,0.904409244,1
Isolation Forest,0.100170192,412,412,3701,0.532004273,0.905640401,1
Isolation Forest,0.100170192,412,411,3702,0.533488063,0.905911775,0.997572816
Isolation Forest,0.100170192,412,411,3702,0.517303773,0.902961212,0.997572816
Isolation Forest,0.100170192,412,411,3702,0.526744609,0.904679819,0.997572816
Isolation Forest,0.100170192,412,412,3701,0.52660951,0.904655183,1
Isolation Forest,0.100170192,412,411,3702,0.520001154,0.903451513,0.997572816
Isolation Forest,0.100170192,412,412,3701,0.52660951,0.904655183,1
Isolation Forest,0.100170192,412,412,3701,0.529306892,0.9051475,1
Isolation Forest,0.100170192,412,412,3701,0.52660951,0.904655183,1
Isolation Forest,0.100170192,412,412,3701,0.515819983,0.902691757,1
Isolation Forest,0.100170192,412,412,3701,0.525260819,0.904409244,1
Isolation Forest,0.100170192,412,412,3701,0.536050346,0.906380847,1
Isolation Forest,0.100170192,412,412,3701,0.538747728,0.906875208,1
Isolation Forest,0.100170192,412,412,3701,0.529306892,0.9051475,1
Isolation Forest,0.100170192,412,412,3701,0.533352964,0.90588707,1
Isolation Forest,0.100170192,412,412,3701,0.550885945,0.90910706,1
Isolation Forest,0.100170192,412,411,3702,0.52944199,0.905172164,0.997572816
Isolation Forest,0.100170192,412,412,3701,0.523912128,0.904163451,1
Isolation Forest,0.100170192,412,412,3701,0.534701655,0.906133886,1
Isolation Forest,0.100170192,412,412,3701,0.521214746,0.903672302,1
Isolation Forest,0.100170192,412,412,3701,0.532004273,0.905640401,1
Isolation Forest,0.100170192,412,412,3701,0.525260819,0.904409244,1
Isolation Forest,0.100170192,412,412,3701,0.527958201,0.904901269,1
Isolation Forest,0.100170192,412,412,3701,0.525260819,0.904409244,1
Isolation Forest,0.100170192,412,412,3701,0.529306892,0.9051475,1
Isolation Forest,0.100170192,412,412,3701,0.523912128,0.904163451,1
Isolation Forest,0.100170192,412,412,3701,0.533352964,0.90588707,1
Isolation Forest,0.100170192,412,411,3702,0.532139372,0.905665092,0.997572816
Isolation Forest,0.100170192,412,412,3701,0.527958201,0.904901269,1
Isolation Forest,0.100170192,412,411,3702,0.525395918,0.904433866,0.997572816
Isolation Forest,0.100170192,412,412,3701,0.537399037,0.906627955,1
Isolation Forest,0.100170192,412,411,3702,0.517303773,0.902961212,0.997572816
Isolation Forest,0.100170192,412,412,3701,0.530655582,0.905393877,1
Isolation Forest,0.100170192,412,411,3702,0.498422101,0.899545456,0.997572816
Isolation Forest,0.100170192,412,412,3701,0.522563437,0.903917803,1
Isolation Forest,0.100170192,412,412,3701,0.517168674,0.902936674,1
Isolation Forest,0.100170192,412,412,3701,0.517168674,0.902936674,1
Isolation Forest,0.100170192,412,412,3701,0.518517365,0.903181737,1
Isolation Forest,0.100170192,412,412,3701,0.507727838,0.90122532,1
Isolation Forest,0.100170192,412,412,3701,0.519866056,0.903426947,1
Isolation Forest,0.100170192,412,412,3701,0.51177391,0.901957881,1
Isolation Forest,0.100170192,412,412,3701,0.51177391,0.901957881,1
Isolation Forest,0.100170192,412,412,3701,0.507727838,0.90122532,1
Isolation Forest,0.100170192,412,412,3701,0.494240929,0.898792939,1
Isolation Forest,0.100170192,412,411,3702,0.506514246,0.901005848,0.997572816
Isolation Forest,0.100170192,412,412,3701,0.521214746,0.903672302,1
Isolation Forest,0.100170192,412,412,3701,0.503681765,0.900494072,1
Isolation Forest,0.100170192,412,412,3701,0.519866056,0.903426947,1
Isolation Forest,0.100170192,412,411,3702,0.521349845,0.903696882,0.997572816
Isolation Forest,0.100170192,412,412,3701,0.522563437,0.903917803,1
Isolation Forest,0.100170192,412,412,3701,0.515819983,0.902691757,1
Isolation Forest,0.100170192,412,412,3701,0.514471292,0.902446986,1
Isolation Forest,0.100170192,412,412,3701,0.51177391,0.901957881,1
Isolation Forest,0.1,391,391,3519,0.539641944,0.907198409,1
Isolation Forest,0.100178891,392,392,3521,0.520879823,0.903602953,1
Isolation Forest,0.100126103,397,396,3569,0.521483647,0.90376379,0.997481108
Isolation Forest,0.100203978,393,392,3530,0.523641265,0.904081605,0.997455471
Isolation Forest,0.100203978,393,393,3529,0.529155373,0.905087643,1
Isolation Forest,0.10005144,389,388,3500,0.505970123,0.9010251,0.997429306
Isolation Forest,0.100102934,389,389,3497,0.538650463,0.906920392,1
Isolation Forest,0.1,387,386,3484,0.519236291,0.903477329,0.997416021
Isolation Forest,0.100102934,389,389,3497,0.535793809,0.9063972,1
Isolation Forest,0.100150981,398,398,3576,0.519740762,0.903422759,1
Isolation Forest,0.100101112,396,396,3560,0.532775792,0.905846889,1
Isolation Forest,0.10020141,398,398,3574,0.52809093,0.904895699,1
Isolation Forest,0.100050916,393,393,3535,0.527821746,0.904990258,1
Isolation Forest,0.100127714,392,392,3523,0.527994245,0.904948397,1
Isolation Forest,0.100050916,393,393,3535,0.519339502,0.903446745,1
Isolation Forest,0.100051046,392,392,3526,0.526617141,0.904770581,1
Isolation Forest,0.1,392,392,3528,0.533730159,0.906116938,1
Isolation Forest,0.100182149,385,385,3458,0.522269835,0.90385282,1
Isolation Forest,0.100152905,393,393,3531,0.526354362,0.904625193,1
Isolation Forest,0.100051975,385,385,3463,0.525225107,0.90451612,1
Isolation Forest,0.100177081,396,396,3557,0.525720375,0.904486428,1
Isolation Forest,0.100178891,392,391,3522,0.521021828,0.903628789,0.99744898
Isolation Forest,0.1,398,398,3582,0.517029592,0.903076927,1
Isolation Forest,0.10002578,388,388,3491,0.530341644,0.905473811,1
Isolation Forest,0.100102934,389,389,3497,0.514368908,0.902494112,1
Isolation Forest,0.10015448,389,389,3495,0.535767218,0.906343788,1
Isolation Forest,0.1001287,389,389,3496,0.545779091,0.908205006,1
Isolation Forest,0.10020141,398,398,3574,0.525298569,0.904386187,1
Isolation Forest,0.100025582,391,391,3518,0.532524365,0.90587247,1
Isolation Forest,0.100051046,392,392,3526,0.528034455,0.905028914,1
Isolation Forest,0.100050787,394,394,3544,0.50786845,0.901368652,1
Isolation Forest,0.100051177,391,391,3517,0.528248253,0.905067773,1
Isolation Forest,0.10015213,395,394,3550,0.524673736,0.904319566,0.997468354
Isolation Forest,0.100025259,396,395,3564,0.524537758,0.904416619,0.997474747
Isolation Forest,0.100153296,392,392,3522,0.535068201,0.906216922,1
Isolation Forest,0.100076394,393,392,3535,0.53925984,0.907056905,0.997455471
Isolation Forest,0.10017753,395,394,3549,0.533100838,0.905833991,0.997468354
Isolation Forest,0.1,388,386,3494,0.53207331,0.90581432,0.994845361
Isolation Forest,0.100151745,396,396,3558,0.513105337,0.902217288,1
Isolation Forest,0.100050531,396,396,3562,0.537011042,0.906669297,1
Isolation Forest,0.100051573,388,388,3490,0.528896257,0.905185572,1
Isolation Forest,0.1,389,389,3501,0.521565267,0.903900351,1
Isolation Forest,0.1,397,397,3573,0.504617968,0.900832087,1
Isolation Forest,0.100180273,389,388,3495,0.518755619,0.903215265,0.997429306
Isolation Forest,0.100050916,393,392,3536,0.51665353,0.902959177,0.997455471
Isolation Forest,0.1,388,387,3493,0.524770905,0.9044833,0.99742268
Isolation Forest,0.1,392,392,3528,0.529478458,0.905340882,1
Isolation Forest,0.10017981,390,390,3503,0.514147946,0.902378925,1
Isolation Forest,0.100101885,393,393,3533,0.506588192,0.901086803,1
Isolation Forest,0.100156087,385,385,3459,0.513624161,0.902307111,1
Isolation Forest,0.100179349,391,391,3512,0.52249649,0.903896789,1
Isolation Forest,0.100101626,394,394,3542,0.526173231,0.904641268,1
Isolation Forest,0.1,393,393,3537,0.510884931,0.901964027,1
Isolation Forest,0.10020555,390,390,3502,0.511284394,0.901834466,1
Isolation Forest,0.100126743,395,395,3550,0.521732929,0.903808532,1
Isolation Forest,0.100203978,393,393,3529,0.526327478,0.904571397,1
Isolation Forest,0.100205023,391,391,3511,0.519640501,0.903352202,1
Isolation Forest,0.10017753,395,395,3548,0.510451957,0.901711176,1
Isolation Forest,0.100127389,393,393,3532,0.51081569,0.901826331,1
Isolation Forest,0.100025582,391,391,3518,0.518315379,0.903285361,1
